Datetime,open,high,low,close,volume,dividends,stock splits
2024-10-31 13:30:00+03:00,51.25,51.29999923706055,51.04999923706055,51.099998474121094,0,0.0,0.0
2024-11-01 09:30:00+03:00,50.849998474121094,51.95000076293945,49.65999984741211,49.959999084472656,50537854,0.0,0.0
2024-11-01 13:30:00+03:00,49.97999954223633,50.45000076293945,49.400001525878906,49.68000030517578,28357211,0.0,0.0
2024-11-04 09:30:00+03:00,49.70000076293945,49.779998779296875,48.599998474121094,48.70000076293945,28733051,0.0,0.0
2024-11-04 13:30:00+03:00,48.68000030517578,48.720001220703125,46.68000030517578,46.91999816894531,62903591,0.0,0.0
2024-11-05 09:30:00+03:00,47.29999923706055,47.459999084472656,46.20000076293945,46.939998626708984,33695538,0.0,0.0
2024-11-05 13:30:00+03:00,46.959999084472656,47.060001373291016,46.119998931884766,46.52000045776367,22459153,0.0,0.0
2024-11-06 09:30:00+03:00,46.540000915527344,47.5,46.2400016784668,47.13999938964844,49791670,0.0,0.0
2024-11-06 13:30:00+03:00,47.15999984741211,47.97999954223633,47.02000045776367,47.68000030517578,42151965,0.0,0.0
2024-11-07 09:30:00+03:00,47.540000915527344,48.47999954223633,47.439998626708984,47.7599983215332,41387062,0.0,0.0
2024-11-07 13:30:00+03:00,47.7400016784668,48.36000061035156,47.58000183105469,48.34000015258789,26944938,0.0,0.0
2024-11-08 09:30:00+03:00,48.400001525878906,50.849998474121094,48.040000915527344,50.349998474121094,72368952,0.0,0.0
2024-11-08 13:30:00+03:00,50.400001525878906,52.04999923706055,50.04999923706055,51.099998474121094,52349209,0.0,0.0
2024-11-11 09:30:00+03:00,51.400001525878906,52.650001525878906,51.099998474121094,52.650001525878906,54062133,0.0,0.0
2024-11-11 13:30:00+03:00,52.599998474121094,53.29999923706055,52.04999923706055,52.400001525878906,47502976,0.0,0.0
2024-11-12 09:30:00+03:00,52.400001525878906,53.29999923706055,52.25,52.5,36783205,0.0,0.0
2024-11-12 13:30:00+03:00,52.54999923706055,53.400001525878906,52.349998474121094,53.099998474121094,27972532,0.0,0.0
2024-11-13 09:30:00+03:00,52.54999923706055,52.650001525878906,51.79999923706055,52.25,24805323,0.0,0.0
2024-11-13 13:30:00+03:00,52.25,55.400001525878906,52.150001525878906,54.5,71186744,0.0,0.0
2024-11-14 09:30:00+03:00,54.54999923706055,54.95000076293945,53.849998474121094,54.45000076293945,37957598,0.0,0.0
2024-11-14 13:30:00+03:00,54.400001525878906,55.400001525878906,54.29999923706055,54.900001525878906,35507381,0.0,0.0
2024-11-15 09:30:00+03:00,55.45000076293945,56.29999923706055,55.04999923706055,55.599998474121094,42676377,0.0,0.0
2024-11-15 13:30:00+03:00,55.650001525878906,55.79999923706055,54.79999923706055,55.150001525878906,19133609,0.0,0.0
2024-11-18 09:30:00+03:00,55.04999923706055,55.54999923706055,54.349998474121094,54.849998474121094,33598902,0.0,0.0
2024-11-18 13:30:00+03:00,54.79999923706055,55.650001525878906,54.599998474121094,55.349998474121094,20229492,0.0,0.0
2024-11-19 09:30:00+03:00,55.25,55.349998474121094,53.54999923706055,53.95000076293945,32720026,0.0,0.0
2024-11-19 13:30:00+03:00,53.95000076293945,54.20000076293945,53.25,53.75,36094664,0.0,0.0
2024-11-20 09:30:00+03:00,53.79999923706055,54.25,53.5,53.79999923706055,25580989,0.0,0.0
2024-11-20 13:30:00+03:00,53.79999923706055,54.25,52.599998474121094,52.75,39614045,0.0,0.0
2024-11-21 09:30:00+03:00,52.599998474121094,53.349998474121094,52.5,53.099998474121094,29797493,0.0,0.0
2024-11-21 13:30:00+03:00,53.04999923706055,56.79999923706055,52.95000076293945,56.75,93463952,0.0,0.0
2024-11-22 09:30:00+03:00,56.900001525878906,60.79999923706055,56.70000076293945,60.150001525878906,86287080,0.0,0.0
2024-11-22 13:30:00+03:00,60.150001525878906,60.75,59.25,60.45000076293945,42423435,0.0,0.0
2024-11-25 09:30:00+03:00,61.25,62.349998474121094,59.599998474121094,60.54999923706055,45349096,0.0,0.0
2024-11-25 13:30:00+03:00,60.5,60.849998474121094,59.79999923706055,59.849998474121094,29180679,0.0,0.0
2024-11-26 09:30:00+03:00,59.650001525878906,60.29999923706055,59.0,59.650001525878906,44417873,0.0,0.0
2024-11-26 13:30:00+03:00,59.650001525878906,59.95000076293945,58.75,59.150001525878906,26688706,0.0,0.0
2024-11-27 09:30:00+03:00,60.150001525878906,60.5,58.70000076293945,59.650001525878906,39654709,0.0,0.0
2024-11-27 13:30:00+03:00,59.650001525878906,60.29999923706055,59.29999923706055,59.79999923706055,35514303,0.0,0.0
2024-11-28 09:30:00+03:00,59.5,60.20000076293945,59.25,59.79999923706055,20753597,0.0,0.0
2024-11-28 13:30:00+03:00,59.79999923706055,60.45000076293945,59.650001525878906,59.650001525878906,33321087,0.0,0.0
2024-11-29 09:30:00+03:00,59.79999923706055,60.650001525878906,59.400001525878906,60.29999923706055,30401714,0.0,0.0
2024-11-29 13:30:00+03:00,60.29999923706055,61.599998474121094,59.75,60.20000076293945,51550612,0.0,0.0
2024-12-02 09:30:00+03:00,60.54999923706055,61.04999923706055,59.650001525878906,60.75,27370681,0.0,0.0
2024-12-02 13:30:00+03:00,60.75,61.0,59.900001525878906,60.650001525878906,21136556,0.0,0.0
2024-12-03 09:30:00+03:00,61.5,64.44999694824219,60.20000076293945,63.54999923706055,63389173,0.0,0.0
2024-12-03 13:30:00+03:00,63.54999923706055,63.849998474121094,63.0,63.5,27462789,0.0,0.0
2024-12-04 09:30:00+03:00,63.599998474121094,63.900001525878906,62.75,62.95000076293945,22881384,0.0,0.0
2024-12-04 13:30:00+03:00,63.0,63.20000076293945,62.150001525878906,62.900001525878906,32453969,0.0,0.0
2024-12-05 09:30:00+03:00,62.900001525878906,63.650001525878906,62.849998474121094,63.400001525878906,26716420,0.0,0.0
2024-12-05 13:30:00+03:00,63.400001525878906,63.79999923706055,62.54999923706055,63.54999923706055,30996195,0.0,0.0
2024-12-06 09:30:00+03:00,65.69999694824219,66.05000305175781,64.69999694824219,65.44999694824219,66428908,0.0,0.0
2024-12-06 13:30:00+03:00,65.44999694824219,65.8499984741211,65.0999984741211,65.30000305175781,40087180,0.0,0.0
2024-12-09 09:30:00+03:00,65.5,65.69999694824219,64.5,65.1500015258789,30596530,0.0,0.0
2024-12-09 13:30:00+03:00,65.19999694824219,66.5,65.0,66.1500015258789,40762480,0.0,0.0
2024-12-10 09:30:00+03:00,66.3499984741211,66.69999694824219,65.75,65.9000015258789,24537066,0.0,0.0
2024-12-10 13:30:00+03:00,65.9000015258789,66.05000305175781,65.0999984741211,65.30000305175781,19258430,0.0,0.0
2024-12-11 09:30:00+03:00,65.25,65.5999984741211,62.79999923706055,62.900001525878906,28187913,0.0,0.0
2024-12-11 13:30:00+03:00,62.900001525878906,63.849998474121094,62.20000076293945,63.45000076293945,49351502,0.0,0.0
2024-12-12 09:30:00+03:00,63.849998474121094,64.4000015258789,63.25,64.0999984741211,35155074,0.0,0.0
2024-12-12 13:30:00+03:00,64.0999984741211,64.6500015258789,63.79999923706055,64.0999984741211,37525204,0.0,0.0
2024-12-13 09:30:00+03:00,63.349998474121094,63.900001525878906,63.04999923706055,63.150001525878906,23737472,0.0,0.0
2024-12-13 13:30:00+03:00,63.150001525878906,63.400001525878906,62.79999923706055,63.150001525878906,24159426,0.0,0.0
2024-12-16 09:30:00+03:00,63.75,64.1500015258789,63.150001525878906,63.349998474121094,21951936,0.0,0.0
2024-12-16 13:30:00+03:00,63.349998474121094,63.400001525878906,62.70000076293945,62.900001525878906,15249738,0.0,0.0
2024-12-17 09:30:00+03:00,62.79999923706055,63.400001525878906,61.70000076293945,62.0,23480213,0.0,0.0
2024-12-17 13:30:00+03:00,62.0,63.349998474121094,61.599998474121094,63.0,37271195,0.0,0.0
2024-12-18 09:30:00+03:00,62.650001525878906,63.150001525878906,62.54999923706055,62.75,17409035,0.0,0.0
2024-12-18 13:30:00+03:00,62.75,64.30000305175781,62.650001525878906,63.400001525878906,35910092,0.0,0.0
2024-12-19 09:30:00+03:00,62.349998474121094,62.54999923706055,61.79999923706055,62.150001525878906,19661103,0.0,0.0
2024-12-19 13:30:00+03:00,62.150001525878906,62.5,61.29999923706055,61.5,18409534,0.0,0.0
2024-12-20 09:30:00+03:00,61.75,61.75,60.599998474121094,61.20000076293945,20895498,0.0,0.0
2024-12-20 13:30:00+03:00,61.20000076293945,61.29999923706055,60.29999923706055,60.849998474121094,18479171,0.0,0.0
2024-12-23 09:30:00+03:00,61.04999923706055,61.599998474121094,60.5,60.650001525878906,24838572,0.0,0.0
2024-12-23 13:30:00+03:00,60.650001525878906,60.75,59.0,59.5,20494502,0.0,0.0
2024-12-24 09:30:00+03:00,59.20000076293945,59.79999923706055,58.95000076293945,59.400001525878906,18044290,0.0,0.0
2024-12-24 13:30:00+03:00,59.400001525878906,59.79999923706055,59.25,59.599998474121094,15425508,0.0,0.0
2024-12-25 09:30:00+03:00,62.79999923706055,63.45000076293945,62.400001525878906,62.900001525878906,25394073,0.0,0.0
2024-12-25 13:30:00+03:00,62.95000076293945,64.3499984741211,62.900001525878906,63.900001525878906,27113678,0.0,0.0
2024-12-26 09:30:00+03:00,65.5999984741211,67.6500015258789,65.5999984741211,66.25,53188363,0.0,0.0
2024-12-26 13:30:00+03:00,66.25,67.0,65.0,65.5,53464914,0.0,0.0
2024-12-27 09:30:00+03:00,65.6500015258789,66.0,64.9000015258789,65.94999694824219,24408598,0.0,0.0
2024-12-27 13:30:00+03:00,66.0,66.30000305175781,65.5,66.05000305175781,27479032,0.0,0.0
2024-12-30 09:30:00+03:00,66.25,66.8499984741211,66.1500015258789,66.3499984741211,15210677,0.0,0.0
2024-12-30 13:30:00+03:00,66.3499984741211,66.4000015258789,65.75,66.19999694824219,13252602,0.0,0.0
2024-12-31 09:30:00+03:00,65.69999694824219,66.94999694824219,65.5,66.55000305175781,23598034,0.0,0.0
2024-12-31 13:30:00+03:00,66.55000305175781,66.75,65.80000305175781,66.3499984741211,22629595,0.0,0.0
2025-01-02 09:30:00+03:00,65.44999694824219,67.0999984741211,64.55000305175781,65.6500015258789,53554250,0.0,0.0
2025-01-02 13:30:00+03:00,65.6500015258789,66.75,65.44999694824219,65.94999694824219,52378604,0.0,0.0
2025-01-03 09:30:00+03:00,66.3499984741211,67.1500015258789,65.44999694824219,65.75,44723521,0.0,0.0
2025-01-03 13:30:00+03:00,65.75,66.80000305175781,65.75,66.5999984741211,39853643,0.0,0.0
2025-01-06 09:30:00+03:00,66.3499984741211,66.9000015258789,66.0999984741211,66.25,25825473,0.0,0.0
2025-01-06 13:30:00+03:00,66.30000305175781,67.25,66.19999694824219,66.75,39218764,0.0,0.0
2025-01-07 09:30:00+03:00,66.75,67.05000305175781,66.0999984741211,66.3499984741211,37927144,0.0,0.0
2025-01-07 13:30:00+03:00,66.3499984741211,66.5999984741211,65.1500015258789,65.3499984741211,34044714,0.0,0.0
2025-01-08 09:30:00+03:00,64.80000305175781,65.05000305175781,63.25,63.650001525878906,39492790,0.0,0.0
2025-01-08 13:30:00+03:00,63.650001525878906,64.4000015258789,63.45000076293945,64.19999694824219,46183646,0.0,0.0
2025-01-09 09:30:00+03:00,64.05000305175781,64.4000015258789,63.349998474121094,63.849998474121094,28864059,0.0,0.0
2025-01-09 13:30:00+03:00,63.849998474121094,65.6500015258789,63.79999923706055,65.44999694824219,45092379,0.0,0.0
2025-01-10 09:30:00+03:00,65.94999694824219,66.1500015258789,65.5,65.55000305175781,19460041,0.0,0.0
2025-01-10 13:30:00+03:00,65.5,65.69999694824219,64.0999984741211,64.4000015258789,33066624,0.0,0.0
2025-01-13 09:30:00+03:00,64.3499984741211,65.80000305175781,63.95000076293945,64.25,64529571,0.0,0.0
2025-01-13 13:30:00+03:00,64.25,64.6500015258789,62.70000076293945,63.099998474121094,52033324,0.0,0.0
2025-01-14 09:30:00+03:00,63.29999923706055,64.80000305175781,63.29999923706055,64.3499984741211,57492163,0.0,0.0
2025-01-14 13:30:00+03:00,64.30000305175781,64.44999694824219,62.45000076293945,63.29999923706055,57916190,0.0,0.0
2025-01-15 09:30:00+03:00,63.099998474121094,63.5,62.599998474121094,63.25,30190775,0.0,0.0
2025-01-15 13:30:00+03:00,63.25,64.30000305175781,62.650001525878906,63.0,39121249,0.0,0.0
2025-01-16 09:30:00+03:00,64.4000015258789,64.5999984741211,63.0,63.25,45653501,0.0,0.0
2025-01-16 13:30:00+03:00,63.20000076293945,63.70000076293945,62.54999923706055,63.599998474121094,38334545,0.0,0.0
2025-01-17 09:30:00+03:00,64.30000305175781,65.0999984741211,64.05000305175781,65.0,35470315,0.0,0.0
2025-01-17 13:30:00+03:00,65.0,66.3499984741211,64.80000305175781,65.9000015258789,45302129,0.0,0.0
2025-01-20 09:30:00+03:00,66.8499984741211,67.05000305175781,65.5999984741211,65.6500015258789,27006953,0.0,0.0
2025-01-20 13:30:00+03:00,65.6500015258789,66.80000305175781,65.25,66.6500015258789,32065818,0.0,0.0
2025-01-21 09:30:00+03:00,67.0,68.94999694824219,66.9000015258789,68.55000305175781,63929731,0.0,0.0
2025-01-21 13:30:00+03:00,68.55000305175781,68.9000015258789,67.94999694824219,68.19999694824219,43785579,0.0,0.0
2025-01-22 09:30:00+03:00,68.5999984741211,69.30000305175781,68.3499984741211,68.69999694824219,48140268,0.0,0.0
2025-01-22 13:30:00+03:00,68.69999694824219,69.44999694824219,68.6500015258789,69.4000015258789,39547290,0.0,0.0
2025-01-23 09:30:00+03:00,69.8499984741211,69.9000015258789,68.5,68.9000015258789,35244726,0.0,0.0
2025-01-23 13:30:00+03:00,68.9000015258789,69.0,67.9000015258789,68.30000305175781,52191367,0.0,0.0
2025-01-24 09:30:00+03:00,68.19999694824219,68.30000305175781,66.8499984741211,67.0,28188694,0.0,0.0
2025-01-24 13:30:00+03:00,67.0,67.3499984741211,66.44999694824219,66.75,30510525,0.0,0.0
2025-01-27 09:30:00+03:00,65.4000015258789,66.6500015258789,64.94999694824219,66.0,41457864,0.0,0.0
2025-01-27 13:30:00+03:00,66.0,66.1500015258789,65.5,65.5999984741211,21863724,0.0,0.0
2025-01-28 09:30:00+03:00,66.69999694824219,67.05000305175781,66.25,66.5999984741211,38592501,0.0,0.0
2025-01-28 13:30:00+03:00,66.55000305175781,67.0,66.4000015258789,66.94999694824219,39944814,0.0,0.0
2025-01-29 09:30:00+03:00,67.4000015258789,67.5999984741211,66.25,66.5,33120011,0.0,0.0
2025-01-29 13:30:00+03:00,66.44999694824219,66.69999694824219,65.9000015258789,66.44999694824219,32524847,0.0,0.0
2025-01-30 09:30:00+03:00,66.19999694824219,66.55000305175781,65.4000015258789,65.5999984741211,27232600,0.0,0.0
2025-01-30 13:30:00+03:00,65.55000305175781,66.30000305175781,65.5,65.75,26914249,0.0,0.0
2025-01-31 09:30:00+03:00,65.94999694824219,66.9000015258789,65.8499984741211,66.05000305175781,51428483,0.0,0.0
2025-01-31 13:30:00+03:00,66.05000305175781,66.1500015258789,65.0,65.5999984741211,36194703,0.0,0.0
2025-02-03 09:30:00+03:00,64.05000305175781,64.25,61.599998474121094,63.75,72559935,0.0,0.0
2025-02-03 13:30:00+03:00,63.79999923706055,64.5999984741211,63.5,64.3499984741211,37920077,0.0,0.0
2025-02-04 09:30:00+03:00,64.25,65.8499984741211,63.599998474121094,65.55000305175781,52320223,0.0,0.0
2025-02-04 13:30:00+03:00,65.5999984741211,66.75,65.5,66.44999694824219,37159512,0.0,0.0
2025-02-05 09:30:00+03:00,65.80000305175781,66.19999694824219,65.30000305175781,66.1500015258789,29767465,0.0,0.0
2025-02-05 13:30:00+03:00,66.1500015258789,66.19999694824219,63.849998474121094,64.05000305175781,40934353,0.0,0.0
2025-02-06 09:30:00+03:00,65.5999984741211,65.80000305175781,63.45000076293945,64.44999694824219,74937374,0.0,0.0
2025-02-06 13:30:00+03:00,64.4000015258789,64.44999694824219,63.79999923706055,64.0999984741211,31944512,0.0,0.0
2025-02-07 09:30:00+03:00,64.30000305175781,64.4000015258789,62.20000076293945,62.849998474121094,89971298,0.0,0.0
2025-02-07 13:30:00+03:00,62.849998474121094,63.70000076293945,62.70000076293945,63.349998474121094,60695097,0.0,0.0
2025-02-10 09:30:00+03:00,63.54999923706055,63.79999923706055,62.75,62.95000076293945,42183051,0.0,0.0
2025-02-10 13:30:00+03:00,62.900001525878906,63.29999923706055,62.75,63.150001525878906,31952291,0.0,0.0
2025-02-11 09:30:00+03:00,62.75,63.650001525878906,62.599998474121094,63.400001525878906,49860407,0.0,0.0
2025-02-11 13:30:00+03:00,63.45000076293945,63.650001525878906,62.95000076293945,63.150001525878906,27660448,0.0,0.0
2025-02-12 09:30:00+03:00,63.29999923706055,63.75,62.900001525878906,63.04999923706055,50610366,0.0,0.0
2025-02-12 13:30:00+03:00,63.0,63.20000076293945,62.5,63.099998474121094,44101300,0.0,0.0
2025-02-13 09:30:00+03:00,63.45000076293945,64.5,62.79999923706055,64.0,72770461,0.0,0.0
2025-02-13 13:30:00+03:00,64.0,64.3499984741211,63.70000076293945,63.95000076293945,28481713,0.0,0.0
2025-02-14 09:30:00+03:00,64.3499984741211,64.9000015258789,63.70000076293945,64.75,41310140,0.0,0.0
2025-02-14 13:30:00+03:00,64.75,65.3499984741211,64.55000305175781,65.0,52376551,0.0,0.0
2025-02-17 09:30:00+03:00,64.9000015258789,65.0999984741211,63.95000076293945,65.0,42621462,0.0,0.0
2025-02-17 13:30:00+03:00,65.0,65.0,64.3499984741211,64.44999694824219,18879334,0.0,0.0
2025-02-18 09:30:00+03:00,64.55000305175781,65.19999694824219,64.44999694824219,64.69999694824219,30438680,0.0,0.0
2025-02-18 13:30:00+03:00,64.75,65.6500015258789,64.0,65.3499984741211,36858858,0.0,0.0
2025-02-19 09:30:00+03:00,65.1500015258789,65.8499984741211,64.75,65.5999984741211,33564301,0.0,0.0
2025-02-19 13:30:00+03:00,65.55000305175781,65.6500015258789,64.0999984741211,64.3499984741211,42786957,0.0,0.0
2025-02-20 09:30:00+03:00,64.5999984741211,65.8499984741211,64.5,65.5999984741211,47732066,0.0,0.0
2025-02-20 13:30:00+03:00,65.5999984741211,66.05000305175781,65.3499984741211,65.94999694824219,28005468,0.0,0.0
2025-02-21 09:30:00+03:00,65.6500015258789,66.05000305175781,64.94999694824219,66.0,32796083,0.0,0.0
2025-02-21 13:30:00+03:00,66.05000305175781,66.4000015258789,64.55000305175781,64.5999984741211,46761367,0.0,0.0
2025-02-24 09:30:00+03:00,65.6500015258789,65.94999694824219,64.55000305175781,64.69999694824219,30353126,0.0,0.0
2025-02-24 13:30:00+03:00,64.6500015258789,65.44999694824219,64.30000305175781,65.1500015258789,20982096,0.0,0.0
2025-02-25 09:30:00+03:00,64.9000015258789,65.6500015258789,64.44999694824219,65.5,46239195,0.0,0.0
2025-02-25 13:30:00+03:00,65.5,66.3499984741211,65.1500015258789,66.30000305175781,41671665,0.0,0.0
2025-02-26 09:30:00+03:00,66.19999694824219,66.55000305175781,65.4000015258789,66.4000015258789,25496915,0.0,0.0
2025-02-26 13:30:00+03:00,66.4000015258789,67.69999694824219,66.0,67.55000305175781,40406452,0.0,0.0
2025-02-27 09:30:00+03:00,67.19999694824219,67.8499984741211,67.05000305175781,67.44999694824219,21853918,0.0,0.0
2025-02-27 13:30:00+03:00,67.44999694824219,68.69999694824219,67.30000305175781,67.8499984741211,33908244,0.0,0.0
2025-02-28 09:30:00+03:00,67.55000305175781,68.69999694824219,67.3499984741211,67.9000015258789,24221790,0.0,0.0
2025-02-28 13:30:00+03:00,67.9000015258789,68.0999984741211,66.94999694824219,67.75,27387541,0.0,0.0
2025-03-03 09:30:00+03:00,68.25,74.0,68.19999694824219,74.0,98311208,0.0,0.0
2025-03-03 13:30:00+03:00,74.0,74.0,73.55000305175781,74.0,67500826,0.0,0.0
2025-03-04 09:30:00+03:00,73.0,74.5,72.1500015258789,72.25,54942450,0.0,0.0
2025-03-04 13:30:00+03:00,72.25,72.8499984741211,72.0,72.30000305175781,21525340,0.0,0.0
2025-03-05 09:30:00+03:00,73.19999694824219,74.5,71.1500015258789,71.4000015258789,47115935,0.0,0.0
2025-03-05 13:30:00+03:00,71.4000015258789,73.6500015258789,71.30000305175781,73.30000305175781,61992507,0.0,0.0
2025-03-06 09:30:00+03:00,73.5999984741211,73.80000305175781,72.8499984741211,73.25,22207743,0.0,0.0
2025-03-06 13:30:00+03:00,73.25,73.4000015258789,71.75,72.9000015258789,50985880,0.0,0.0
2025-03-07 09:30:00+03:00,73.3499984741211,74.5999984741211,72.8499984741211,73.5,47107870,0.0,0.0
2025-03-07 13:30:00+03:00,73.5,73.80000305175781,73.0999984741211,73.4000015258789,22211425,0.0,0.0
2025-03-10 09:30:00+03:00,73.69999694824219,75.05000305175781,73.25,73.75,33177852,0.0,0.0
2025-03-10 13:30:00+03:00,73.75,74.69999694824219,73.69999694824219,73.80000305175781,20101820,0.0,0.0
2025-03-11 09:30:00+03:00,74.05000305175781,74.0999984741211,72.5999984741211,73.0,29310575,0.0,0.0
2025-03-11 13:30:00+03:00,73.0,73.19999694824219,71.69999694824219,71.69999694824219,26789629,0.0,0.0
2025-03-12 09:30:00+03:00,72.19999694824219,74.05000305175781,72.19999694824219,73.6500015258789,61532714,0.0,0.0
2025-03-12 13:30:00+03:00,73.69999694824219,74.5,73.55000305175781,74.0999984741211,38614478,0.0,0.0
2025-03-13 09:30:00+03:00,73.80000305175781,74.4000015258789,73.5,74.25,24914915,0.0,0.0
2025-03-13 13:30:00+03:00,74.30000305175781,75.44999694824219,73.94999694824219,74.55000305175781,33278594,0.0,0.0
2025-03-14 09:30:00+03:00,74.8499984741211,75.5999984741211,74.4000015258789,74.80000305175781,30635817,0.0,0.0
2025-03-14 13:30:00+03:00,74.80000305175781,75.44999694824219,74.69999694824219,75.1500015258789,30819804,0.0,0.0
2025-03-17 09:30:00+03:00,75.0999984741211,76.19999694824219,74.8499984741211,74.9000015258789,34410187,0.0,0.0
2025-03-17 13:30:00+03:00,74.8499984741211,75.4000015258789,73.94999694824219,75.0,25869917,0.0,0.0
2025-03-18 09:30:00+03:00,74.6500015258789,75.05000305175781,73.94999694824219,74.3499984741211,20673291,0.0,0.0
2025-03-18 13:30:00+03:00,74.30000305175781,74.30000305175781,72.9000015258789,73.4000015258789,26474173,0.0,0.0
2025-03-19 09:30:00+03:00,68.0,68.94999694824219,65.94999694824219,65.94999694824219,98886067,0.0,0.0
2025-03-19 13:30:00+03:00,65.94999694824219,65.94999694824219,65.94999694824219,65.94999694824219,6794632,0.0,0.0
2025-03-20 09:30:00+03:00,64.3499984741211,65.80000305175781,61.150001525878906,62.54999923706055,199056171,0.0,0.0
2025-03-20 13:30:00+03:00,62.54999923706055,63.5,59.400001525878906,59.79999923706055,130475280,0.0,0.0
2025-03-21 09:30:00+03:00,59.04999923706055,59.349998474121094,53.75,54.0,149629129,0.0,0.0
2025-03-21 13:30:00+03:00,54.0,54.5,53.75,53.75,62527564,0.0,0.0
2025-03-24 09:30:00+03:00,55.099998474121094,56.29999923706055,53.0,53.900001525878906,129133029,0.0,0.0
2025-03-24 13:30:00+03:00,53.900001525878906,54.150001525878906,50.599998474121094,52.849998474121094,153631076,0.0,0.0
2025-03-25 09:30:00+03:00,56.0,57.650001525878906,53.95000076293945,56.599998474121094,186547191,0.0,0.0
2025-03-25 13:30:00+03:00,56.54999923706055,57.099998474121094,55.400001525878906,56.75,101279052,0.0,0.0
2025-03-26 09:30:00+03:00,54.5,55.45000076293945,53.849998474121094,54.04999923706055,80689968,1.222,0.0
2025-03-26 13:30:00+03:00,54.0,54.54999923706055,52.650001525878906,54.29999923706055,70972776,0.0,0.0
2025-03-27 09:30:00+03:00,54.599998474121094,54.900001525878906,52.650001525878906,52.79999923706055,73098697,0.0,0.0
2025-03-27 13:30:00+03:00,52.79999923706055,53.5,52.29999923706055,52.900001525878906,43833261,0.0,0.0
2025-03-28 09:30:00+03:00,52.75,53.099998474121094,51.70000076293945,51.900001525878906,46120272,0.0,0.0
2025-03-28 13:30:00+03:00,51.849998474121094,52.75,51.099998474121094,52.5,69540881,0.0,0.0
2025-04-02 09:30:00+03:00,52.0,53.25,51.400001525878906,52.95000076293945,41536934,0.0,0.0
2025-04-02 13:30:00+03:00,52.95000076293945,53.45000076293945,52.599998474121094,53.25,44650484,0.0,0.0
2025-04-02 17:30:00+03:00,53.25,53.349998474121094,53.0,53.04999923706055,8040643,0.0,0.0
2025-04-03 09:30:00+03:00,53.25,54.099998474121094,53.04999923706055,53.349998474121094,18255278,0.0,0.0
2025-04-03 13:30:00+03:00,53.29999923706055,53.400001525878906,52.54999923706055,52.79999923706055,27955888,0.0,0.0
2025-04-03 17:30:00+03:00,52.849998474121094,53.04999923706055,52.349998474121094,52.45000076293945,8675913,0.0,0.0
2025-04-04 09:30:00+03:00,52.54999923706055,52.849998474121094,52.04999923706055,52.25,36791097,0.0,0.0
2025-04-04 13:30:00+03:00,52.25,52.400001525878906,51.400001525878906,51.95000076293945,49914136,0.0,0.0
2025-04-04 17:30:00+03:00,52.0,52.150001525878906,51.900001525878906,52.04999923706055,8465013,0.0,0.0
2025-04-07 09:30:00+03:00,50.5,50.599998474121094,49.7400016784668,50.349998474121094,31947137,0.0,0.0
2025-04-07 13:30:00+03:00,50.349998474121094,52.75,50.25,52.150001525878906,78119511,0.0,0.0
2025-04-07 17:30:00+03:00,52.150001525878906,52.25,51.25,51.95000076293945,12208401,0.0,0.0
2025-04-08 09:30:00+03:00,53.20000076293945,53.20000076293945,51.70000076293945,51.75,21234435,0.0,0.0
2025-04-08 13:30:00+03:00,51.75,52.599998474121094,51.599998474121094,52.400001525878906,52946614,0.0,0.0
2025-04-08 17:30:00+03:00,52.400001525878906,52.599998474121094,51.95000076293945,52.0,12358421,0.0,0.0
2025-04-09 09:30:00+03:00,51.20000076293945,51.70000076293945,51.0,51.0,19809393,0.0,0.0
2025-04-09 13:30:00+03:00,51.04999923706055,51.04999923706055,49.7400016784668,50.099998474121094,71641287,0.0,0.0
2025-04-09 17:30:00+03:00,50.150001525878906,50.400001525878906,49.7599983215332,49.86000061035156,10668661,0.0,0.0
2025-04-10 09:30:00+03:00,52.0,52.25,50.75,50.95000076293945,35018530,0.0,0.0
2025-04-10 13:30:00+03:00,50.900001525878906,51.04999923706055,49.880001068115234,49.939998626708984,40411157,0.0,0.0
2025-04-10 17:30:00+03:00,49.91999816894531,50.29999923706055,49.70000076293945,49.7400016784668,12959001,0.0,0.0
2025-04-11 09:30:00+03:00,49.41999816894531,49.41999816894531,48.099998474121094,49.220001220703125,56072583,0.0,0.0
2025-04-11 13:30:00+03:00,49.2400016784668,49.939998626708984,49.040000915527344,49.36000061035156,56779035,0.0,0.0
2025-04-11 17:30:00+03:00,49.36000061035156,49.81999969482422,49.31999969482422,49.7599983215332,8039676,0.0,0.0
2025-04-14 09:30:00+03:00,50.400001525878906,51.099998474121094,50.25,50.45000076293945,23498108,0.0,0.0
2025-04-14 13:30:00+03:00,50.45000076293945,50.79999923706055,50.0,50.400001525878906,32679308,0.0,0.0
2025-04-14 17:30:00+03:00,50.349998474121094,50.5,50.20000076293945,50.29999923706055,7931045,0.0,0.0
2025-04-15 09:30:00+03:00,50.20000076293945,51.0,50.0,50.849998474121094,30962846,0.0,0.0
2025-04-15 13:30:00+03:00,50.79999923706055,50.95000076293945,50.54999923706055,50.650001525878906,44007190,0.0,0.0
2025-04-15 17:30:00+03:00,50.650001525878906,50.650001525878906,50.25,50.349998474121094,22146398,0.0,0.0
2025-04-16 09:30:00+03:00,50.29999923706055,51.150001525878906,49.720001220703125,50.599998474121094,41304493,0.0,0.0
2025-04-16 13:30:00+03:00,50.599998474121094,50.900001525878906,50.25,50.54999923706055,50501879,0.0,0.0
2025-04-16 17:30:00+03:00,50.54999923706055,50.849998474121094,50.5,50.650001525878906,16022741,0.0,0.0
2025-04-17 09:30:00+03:00,50.900001525878906,51.849998474121094,50.900001525878906,51.650001525878906,36170767,0.0,0.0
2025-04-17 13:30:00+03:00,51.650001525878906,52.0,50.79999923706055,51.400001525878906,116339078,0.0,0.0
2025-04-17 17:30:00+03:00,51.400001525878906,51.5,51.099998474121094,51.25,14487954,0.0,0.0
2025-04-18 09:30:00+03:00,51.45000076293945,51.54999923706055,50.45000076293945,50.54999923706055,17868601,0.0,0.0
2025-04-18 13:30:00+03:00,50.54999923706055,50.599998474121094,49.47999954223633,49.880001068115234,61455014,0.0,0.0
2025-04-18 17:30:00+03:00,49.880001068115234,49.959999084472656,49.540000915527344,49.58000183105469,8061383,0.0,0.0
2025-04-21 09:30:00+03:00,49.560001373291016,49.58000183105469,48.599998474121094,48.720001220703125,23150423,0.0,0.0
2025-04-21 13:30:00+03:00,48.70000076293945,51.79999923706055,48.560001373291016,49.619998931884766,101766684,0.0,0.0
2025-04-21 17:30:00+03:00,49.619998931884766,49.939998626708984,49.41999816894531,49.81999969482422,12507147,0.0,0.0
2025-04-22 09:30:00+03:00,50.099998474121094,50.54999923706055,49.86000061035156,50.5,33464524,0.0,0.0
2025-04-22 13:30:00+03:00,50.45000076293945,50.650001525878906,50.20000076293945,50.400001525878906,30873106,0.0,0.0
2025-04-22 17:30:00+03:00,50.349998474121094,50.599998474121094,50.25,50.400001525878906,10045655,0.0,0.0
2025-04-24 09:30:00+03:00,50.75,51.29999923706055,50.650001525878906,50.900001525878906,20892301,0.0,0.0
2025-04-24 13:30:00+03:00,50.900001525878906,53.04999923706055,50.79999923706055,53.0,72812286,0.0,0.0
2025-04-24 17:30:00+03:00,53.04999923706055,53.54999923706055,53.0,53.349998474121094,19946166,0.0,0.0
2025-04-25 09:30:00+03:00,53.599998474121094,53.70000076293945,52.349998474121094,52.45000076293945,21477928,0.0,0.0
2025-04-25 13:30:00+03:00,52.400001525878906,52.45000076293945,51.70000076293945,52.0,51732187,0.0,0.0
2025-04-25 17:30:00+03:00,52.0,52.20000076293945,51.650001525878906,51.79999923706055,11743077,0.0,0.0
2025-04-28 09:30:00+03:00,51.900001525878906,52.0,49.58000183105469,49.58000183105469,53583508,0.0,0.0
2025-04-28 13:30:00+03:00,49.58000183105469,50.04999923706055,49.31999969482422,49.599998474121094,53182865,0.0,0.0
2025-04-28 17:30:00+03:00,49.599998474121094,49.720001220703125,49.380001068115234,49.41999816894531,13993043,0.0,0.0
2025-04-29 09:30:00+03:00,49.380001068115234,49.7400016784668,49.20000076293945,49.2599983215332,28838620,0.0,0.0
2025-04-29 13:30:00+03:00,49.2599983215332,49.34000015258789,48.7400016784668,48.79999923706055,31119130,0.0,0.0
2025-04-29 17:30:00+03:00,48.79999923706055,49.20000076293945,48.79999923706055,49.08000183105469,14441582,0.0,0.0
2025-04-30 09:30:00+03:00,49.099998474121094,49.279998779296875,48.400001525878906,48.41999816894531,21023205,0.0,0.0
2025-04-30 13:30:00+03:00,48.41999816894531,48.7599983215332,47.880001068115234,48.599998474121094,62017121,0.0,0.0
2025-04-30 17:30:00+03:00,48.58000183105469,48.63999938964844,48.400001525878906,48.560001373291016,16712198,0.0,0.0
2025-05-02 09:30:00+03:00,48.81999969482422,49.68000030517578,48.63999938964844,49.459999084472656,29662505,0.0,0.0
2025-05-02 13:30:00+03:00,49.459999084472656,49.7599983215332,49.2400016784668,49.41999816894531,21198778,0.0,0.0
2025-05-02 17:30:00+03:00,49.400001525878906,49.540000915527344,49.31999969482422,49.5,5599880,0.0,0.0
2025-05-05 09:30:00+03:00,50.25,50.650001525878906,48.7599983215332,48.79999923706055,19398654,0.0,0.0
2025-05-05 13:30:00+03:00,48.79999923706055,49.02000045776367,48.63999938964844,48.86000061035156,18414840,0.0,0.0
2025-05-05 17:30:00+03:00,48.84000015258789,48.900001525878906,48.58000183105469,48.63999938964844,6346184,0.0,0.0
2025-05-06 09:30:00+03:00,48.58000183105469,50.099998474121094,48.58000183105469,49.779998779296875,41061934,0.0,0.0
2025-05-06 13:30:00+03:00,49.779998779296875,49.900001525878906,49.08000183105469,49.29999923706055,36817500,0.0,0.0
2025-05-06 17:30:00+03:00,49.29999923706055,49.5,49.119998931884766,49.2400016784668,11972314,0.0,0.0
2025-05-07 09:30:00+03:00,49.2599983215332,49.619998931884766,48.91999816894531,49.5,21471101,0.0,0.0
2025-05-07 13:30:00+03:00,49.5,49.68000030517578,48.91999816894531,49.34000015258789,39554237,0.0,0.0
2025-05-07 17:30:00+03:00,49.34000015258789,49.70000076293945,49.31999969482422,49.380001068115234,10521594,0.0,0.0
2025-05-08 09:30:00+03:00,49.939998626708984,50.400001525878906,49.459999084472656,49.86000061035156,21779976,0.0,0.0
2025-05-08 13:30:00+03:00,49.880001068115234,50.150001525878906,49.52000045776367,50.0,28093649,0.0,0.0
2025-05-08 17:30:00+03:00,50.0,50.20000076293945,49.81999969482422,49.900001525878906,7976165,0.0,0.0
2025-05-09 09:30:00+03:00,49.900001525878906,50.04999923706055,48.70000076293945,49.02000045776367,27845698,0.0,0.0
2025-05-09 13:30:00+03:00,49.02000045776367,50.29999923706055,49.02000045776367,49.880001068115234,81253692,0.0,0.0
2025-05-09 17:30:00+03:00,49.86000061035156,49.939998626708984,49.7400016784668,49.880001068115234,7475728,0.0,0.0
2025-05-12 09:30:00+03:00,51.349998474121094,52.25,50.849998474121094,51.75,39468606,0.0,0.0
2025-05-12 13:30:00+03:00,51.75,52.0,51.45000076293945,51.849998474121094,30124625,0.0,0.0
2025-05-12 17:30:00+03:00,51.849998474121094,52.349998474121094,51.75,52.0,16713548,0.0,0.0
2025-05-13 09:30:00+03:00,51.599998474121094,52.29999923706055,51.150001525878906,52.099998474121094,46675974,0.0,0.0
2025-05-13 13:30:00+03:00,52.150001525878906,52.79999923706055,51.849998474121094,52.599998474121094,78755766,0.0,0.0
2025-05-13 17:30:00+03:00,52.650001525878906,52.650001525878906,52.099998474121094,52.099998474121094,15625038,0.0,0.0
2025-05-14 09:30:00+03:00,52.0,52.5,51.650001525878906,52.25,44937801,0.0,0.0
2025-05-14 13:30:00+03:00,52.29999923706055,52.79999923706055,51.79999923706055,51.849998474121094,84591074,0.0,0.0
2025-05-14 17:30:00+03:00,51.849998474121094,52.099998474121094,51.70000076293945,51.849998474121094,19658285,0.0,0.0
2025-05-15 09:30:00+03:00,51.95000076293945,52.25,51.25,51.900001525878906,28688319,0.0,0.0
2025-05-15 13:30:00+03:00,51.900001525878906,51.900001525878906,50.599998474121094,50.849998474121094,32304653,0.0,0.0
2025-05-15 17:30:00+03:00,50.79999923706055,50.900001525878906,50.650001525878906,50.75,8894300,0.0,0.0
2025-05-16 09:30:00+03:00,50.79999923706055,51.25,50.5,50.54999923706055,26091217,0.0,0.0
2025-05-16 13:30:00+03:00,50.599998474121094,51.75,50.29999923706055,51.54999923706055,76201475,0.0,0.0
2025-05-16 17:30:00+03:00,51.5,52.150001525878906,51.5,51.900001525878906,32420758,0.0,0.0
2025-05-20 09:30:00+03:00,51.900001525878906,53.29999923706055,51.54999923706055,52.849998474121094,78208670,0.0,0.0
2025-05-20 13:30:00+03:00,52.849998474121094,53.150001525878906,52.54999923706055,52.70000076293945,50236426,0.0,0.0
2025-05-20 17:30:00+03:00,52.75,53.0,52.5,52.599998474121094,14661339,0.0,0.0
2025-05-21 09:30:00+03:00,52.45000076293945,53.25,52.04999923706055,52.70000076293945,30895857,0.0,0.0
2025-05-21 13:30:00+03:00,52.75,53.04999923706055,52.400001525878906,52.5,34478624,0.0,0.0
2025-05-21 17:30:00+03:00,52.5,52.75,52.25,52.599998474121094,12975889,0.0,0.0
2025-05-22 09:30:00+03:00,52.849998474121094,54.099998474121094,52.849998474121094,53.349998474121094,51836364,0.0,0.0
2025-05-22 13:30:00+03:00,53.29999923706055,54.5,52.75,54.0,58018835,0.0,0.0
2025-05-22 17:30:00+03:00,54.0,54.25,53.900001525878906,54.0,7185991,0.0,0.0
2025-05-23 09:30:00+03:00,53.54999923706055,54.20000076293945,53.150001525878906,54.0,29303003,0.0,0.0
2025-05-23 13:30:00+03:00,54.0,54.04999923706055,51.54999923706055,52.099998474121094,92170435,0.0,0.0
2025-05-23 17:30:00+03:00,52.150001525878906,52.29999923706055,51.79999923706055,51.900001525878906,10584267,0.0,0.0
2025-05-26 09:30:00+03:00,52.45000076293945,52.5,50.95000076293945,51.29999923706055,34464298,0.0,0.0
2025-05-26 13:30:00+03:00,51.29999923706055,52.099998474121094,50.650001525878906,51.95000076293945,47951525,0.0,0.0
2025-05-26 17:30:00+03:00,51.95000076293945,52.099998474121094,51.650001525878906,51.900001525878906,8179620,0.0,0.0
2025-05-27 09:30:00+03:00,51.95000076293945,52.400001525878906,50.95000076293945,51.25,38432312,0.0,0.0
2025-05-27 13:30:00+03:00,51.20000076293945,51.5,50.95000076293945,51.099998474121094,23242747,0.0,0.0
2025-05-27 17:30:00+03:00,51.099998474121094,51.29999923706055,50.79999923706055,51.0,8896080,0.0,0.0
2025-05-28 09:30:00+03:00,51.0,52.0,50.900001525878906,51.599998474121094,31027095,0.0,0.0
2025-05-28 13:30:00+03:00,51.599998474121094,51.95000076293945,51.099998474121094,51.400001525878906,29864225,0.0,0.0
2025-05-28 17:30:00+03:00,51.400001525878906,51.75,51.20000076293945,51.70000076293945,10886642,0.0,0.0
2025-05-29 09:30:00+03:00,52.150001525878906,52.650001525878906,52.0,52.54999923706055,18779970,0.0,0.0
2025-05-29 13:30:00+03:00,52.54999923706055,53.25,52.400001525878906,52.79999923706055,40379634,0.0,0.0
2025-05-29 17:30:00+03:00,52.849998474121094,53.099998474121094,52.75,52.900001525878906,6121946,0.0,0.0
2025-05-30 09:30:00+03:00,52.70000076293945,52.900001525878906,51.45000076293945,51.5,27745930,0.0,0.0
2025-05-30 13:30:00+03:00,51.5,51.599998474121094,50.849998474121094,51.20000076293945,43142077,0.0,0.0
2025-05-30 17:30:00+03:00,51.20000076293945,51.29999923706055,50.900001525878906,50.95000076293945,11370061,0.0,0.0
2025-06-02 09:30:00+03:00,51.04999923706055,52.45000076293945,50.900001525878906,52.04999923706055,29191401,0.0,0.0
2025-06-02 13:30:00+03:00,52.099998474121094,52.70000076293945,51.5,51.79999923706055,34605763,0.0,0.0
2025-06-02 17:30:00+03:00,51.79999923706055,52.400001525878906,51.599998474121094,52.29999923706055,11060478,0.0,0.0
2025-06-03 09:30:00+03:00,53.099998474121094,55.650001525878906,52.900001525878906,55.5,48564920,0.0,0.0
2025-06-03 13:30:00+03:00,55.45000076293945,56.20000076293945,55.25,55.599998474121094,41994044,0.0,0.0
2025-06-03 17:30:00+03:00,55.54999923706055,55.79999923706055,55.5,55.70000076293945,8091864,0.0,0.0
2025-06-04 09:30:00+03:00,55.54999923706055,56.150001525878906,55.29999923706055,55.95000076293945,23249361,0.0,0.0
2025-06-04 13:30:00+03:00,55.900001525878906,56.25,55.849998474121094,56.099998474121094,25825874,0.0,0.0
2025-06-04 17:30:00+03:00,56.150001525878906,56.349998474121094,56.04999923706055,56.25,9643286,0.0,0.0
2025-06-05 09:30:00+03:00,55.849998474121094,56.400001525878906,55.849998474121094,56.25,17803100,0.0,0.0
2025-06-10 09:30:00+03:00,57.04999923706055,59.29999923706055,56.75,59.150001525878906,54970131,0.0,0.0
2025-06-10 13:30:00+03:00,59.150001525878906,60.0,59.0,60.0,40593320,0.0,0.0
2025-06-10 17:30:00+03:00,60.0,60.25,59.75,59.79999923706055,10810571,0.0,0.0
2025-06-11 09:30:00+03:00,59.849998474121094,60.70000076293945,59.5,59.900001525878906,20475151,0.0,0.0
2025-06-11 13:30:00+03:00,59.900001525878906,60.70000076293945,59.849998474121094,60.45000076293945,36967583,0.0,0.0
2025-06-11 17:30:00+03:00,60.5,60.599998474121094,60.099998474121094,60.150001525878906,7840911,0.0,0.0
2025-06-12 09:30:00+03:00,59.0,60.25,58.95000076293945,59.54999923706055,48688732,0.0,0.0
2025-06-12 13:30:00+03:00,59.54999923706055,60.0,59.25,59.349998474121094,27222435,0.0,0.0
2025-06-12 17:30:00+03:00,59.349998474121094,59.5,59.099998474121094,59.20000076293945,8563335,0.0,0.0
2025-06-13 09:30:00+03:00,57.0,59.099998474121094,56.099998474121094,57.5,72612376,0.0,0.0
2025-06-13 13:30:00+03:00,57.54999923706055,58.20000076293945,57.150001525878906,57.79999923706055,34199763,0.0,0.0
2025-06-13 17:30:00+03:00,57.849998474121094,58.849998474121094,57.75,58.75,12253273,0.0,0.0
2025-06-16 09:30:00+03:00,59.95000076293945,60.150001525878906,59.099998474121094,59.5,33572065,0.0,0.0
2025-06-16 13:30:00+03:00,59.5,60.5,59.45000076293945,60.20000076293945,39212653,0.0,0.0
2025-06-16 17:30:00+03:00,60.20000076293945,60.29999923706055,60.0,60.04999923706055,6656127,0.0,0.0
2025-06-17 09:30:00+03:00,60.04999923706055,60.150001525878906,58.900001525878906,59.54999923706055,20845315,0.0,0.0
2025-06-17 13:30:00+03:00,59.599998474121094,60.29999923706055,59.25,59.29999923706055,38096305,0.0,0.0
2025-06-17 17:30:00+03:00,59.29999923706055,59.29999923706055,58.70000076293945,58.79999923706055,8557007,0.0,0.0
2025-06-18 09:30:00+03:00,58.400001525878906,59.400001525878906,57.849998474121094,58.29999923706055,19994344,0.0,0.0
2025-06-18 13:30:00+03:00,58.29999923706055,58.45000076293945,57.20000076293945,57.849998474121094,23697139,0.0,0.0
2025-06-18 17:30:00+03:00,57.79999923706055,58.849998474121094,57.75,58.54999923706055,11315352,0.0,0.0
2025-06-19 09:30:00+03:00,59.20000076293945,59.400001525878906,58.54999923706055,58.900001525878906,28480976,0.0,0.0
2025-06-19 13:30:00+03:00,58.849998474121094,59.099998474121094,56.5,56.75,64213105,0.0,0.0
2025-06-19 17:30:00+03:00,56.75,57.45000076293945,56.54999923706055,57.400001525878906,14152924,0.0,0.0
2025-06-20 09:30:00+03:00,57.95000076293945,58.599998474121094,57.900001525878906,58.0,31118149,0.0,0.0
2025-06-20 13:30:00+03:00,58.0,58.04999923706055,57.25,57.349998474121094,17802090,0.0,0.0
2025-06-20 17:30:00+03:00,57.349998474121094,57.5,57.099998474121094,57.20000076293945,7017738,0.0,0.0
2025-06-23 09:30:00+03:00,56.349998474121094,58.099998474121094,56.29999923706055,57.650001525878906,39290997,0.0,0.0
2025-06-23 13:30:00+03:00,57.599998474121094,58.099998474121094,57.45000076293945,57.650001525878906,19004839,0.0,0.0
2025-06-23 17:30:00+03:00,57.599998474121094,57.95000076293945,57.54999923706055,57.75,5277010,0.0,0.0
2025-06-24 09:30:00+03:00,61.0,61.45000076293945,59.150001525878906,60.25,57204203,0.0,0.0
2025-06-24 13:30:00+03:00,60.25,60.95000076293945,59.900001525878906,60.79999923706055,50080476,0.0,0.0
2025-06-24 17:30:00+03:00,60.849998474121094,61.29999923706055,60.79999923706055,61.25,10645756,0.0,0.0
2025-06-25 09:30:00+03:00,61.25,61.45000076293945,60.400001525878906,60.54999923706055,16397102,0.0,0.0
2025-06-25 13:30:00+03:00,60.54999923706055,60.900001525878906,60.099998474121094,60.25,29803688,0.0,0.0
2025-06-25 17:30:00+03:00,60.25,61.150001525878906,60.20000076293945,60.900001525878906,15468747,0.0,0.0
2025-06-26 09:30:00+03:00,60.650001525878906,61.70000076293945,60.5,61.0,34194940,0.0,0.0
2025-06-26 13:30:00+03:00,61.0,61.5,60.70000076293945,61.0,24770714,0.0,0.0
2025-06-26 17:30:00+03:00,61.04999923706055,61.04999923706055,60.599998474121094,60.79999923706055,6168767,0.0,0.0
2025-06-27 09:30:00+03:00,60.849998474121094,61.150001525878906,60.04999923706055,60.25,18248789,0.0,0.0
2025-06-27 13:30:00+03:00,60.25,62.849998474121094,60.25,61.900001525878906,67457961,0.0,0.0
2025-06-27 17:30:00+03:00,61.900001525878906,62.29999923706055,61.79999923706055,62.0,9874323,0.0,0.0
2025-06-30 09:30:00+03:00,62.900001525878906,67.55000305175781,62.650001525878906,67.4000015258789,87276591,0.0,0.0
2025-06-30 13:30:00+03:00,67.4000015258789,68.19999694824219,67.3499984741211,68.05000305175781,55065829,0.0,0.0
2025-06-30 17:30:00+03:00,68.05000305175781,68.19999694824219,67.6500015258789,68.0,13955301,0.0,0.0
2025-07-01 09:30:00+03:00,68.25,69.5999984741211,67.6500015258789,68.19999694824219,38558863,0.0,0.0
2025-07-01 13:30:00+03:00,68.25,69.30000305175781,67.94999694824219,68.44999694824219,41529469,0.0,0.0
2025-07-01 17:30:00+03:00,68.44999694824219,68.55000305175781,68.19999694824219,68.30000305175781,6910948,0.0,0.0
2025-07-02 09:30:00+03:00,68.30000305175781,70.05000305175781,68.0999984741211,69.55000305175781,46054100,0.0,0.0
2025-07-02 13:30:00+03:00,69.55000305175781,69.6500015258789,68.05000305175781,68.80000305175781,35849156,0.0,0.0
2025-07-02 17:30:00+03:00,68.80000305175781,69.0999984741211,68.5,68.94999694824219,7409714,0.0,0.0
2025-07-03 09:30:00+03:00,70.69999694824219,72.1500015258789,68.30000305175781,68.80000305175781,29777279,0.0,0.0
2025-07-03 13:30:00+03:00,68.75,69.6500015258789,68.55000305175781,68.80000305175781,33456686,0.0,0.0
2025-07-03 17:30:00+03:00,68.75,69.0,68.6500015258789,68.75,6939515,0.0,0.0
2025-07-04 09:30:00+03:00,68.80000305175781,68.8499984741211,67.9000015258789,68.55000305175781,20171879,0.0,0.0
2025-07-04 13:30:00+03:00,68.5999984741211,69.55000305175781,68.3499984741211,69.05000305175781,33240936,0.0,0.0
2025-07-04 17:30:00+03:00,69.0999984741211,69.69999694824219,69.0,69.55000305175781,9177097,0.0,0.0
2025-07-07 09:30:00+03:00,68.25,69.4000015258789,68.0,68.9000015258789,24700632,0.0,0.0
2025-07-07 13:30:00+03:00,68.9000015258789,69.0,67.8499984741211,68.19999694824219,27778391,0.0,0.0
2025-07-07 17:30:00+03:00,68.19999694824219,68.19999694824219,67.9000015258789,68.0,5763218,0.0,0.0
2025-07-08 09:30:00+03:00,68.5,68.80000305175781,66.9000015258789,66.94999694824219,39174343,0.0,0.0
2025-07-08 13:30:00+03:00,67.0,68.05000305175781,66.3499984741211,67.5999984741211,44941763,0.0,0.0
2025-07-08 17:30:00+03:00,67.6500015258789,67.8499984741211,67.5999984741211,67.6500015258789,7600217,0.0,0.0
2025-07-09 09:30:00+03:00,67.5999984741211,68.5,67.19999694824219,68.4000015258789,22294363,0.0,0.0
2025-07-09 13:30:00+03:00,68.3499984741211,69.4000015258789,68.30000305175781,69.3499984741211,45611281,0.0,0.0
2025-07-09 17:30:00+03:00,69.3499984741211,69.4000015258789,69.0999984741211,69.30000305175781,5337226,0.0,0.0
2025-07-10 09:30:00+03:00,70.44999694824219,71.0,69.94999694824219,70.30000305175781,22609472,0.0,0.0
2025-07-10 13:30:00+03:00,70.3499984741211,70.8499984741211,70.0999984741211,70.44999694824219,23228755,0.0,0.0
2025-07-10 17:30:00+03:00,70.44999694824219,70.5999984741211,70.25,70.4000015258789,5835267,0.0,0.0
2025-07-11 09:30:00+03:00,70.8499984741211,71.55000305175781,70.44999694824219,70.55000305175781,18510759,0.0,0.0
2025-07-11 13:30:00+03:00,70.5,70.55000305175781,69.0,69.80000305175781,41733401,0.0,0.0
2025-07-11 17:30:00+03:00,69.80000305175781,70.0,69.6500015258789,69.80000305175781,5789307,0.0,0.0
2025-07-14 09:30:00+03:00,69.5999984741211,69.69999694824219,67.0999984741211,67.6500015258789,26610628,0.0,0.0
2025-07-14 13:30:00+03:00,67.6500015258789,67.94999694824219,67.05000305175781,67.25,25648410,0.0,0.0
2025-07-14 17:30:00+03:00,67.25,67.25,66.8499984741211,66.9000015258789,8857459,0.0,0.0
2025-07-16 09:30:00+03:00,66.69999694824219,67.30000305175781,66.0999984741211,66.75,24784125,0.0,0.0
2025-07-16 13:30:00+03:00,66.75,66.8499984741211,64.05000305175781,66.0,45832938,0.0,0.0
2025-07-16 17:30:00+03:00,66.0,66.5,65.6500015258789,65.69999694824219,9784994,0.0,0.0
2025-07-17 09:30:00+03:00,66.1500015258789,66.44999694824219,65.8499984741211,66.0999984741211,8999564,0.0,0.0
2025-07-17 13:30:00+03:00,66.05000305175781,68.05000305175781,66.0,67.8499984741211,64138369,0.0,0.0
2025-07-17 17:30:00+03:00,67.9000015258789,67.94999694824219,67.6500015258789,67.9000015258789,6372610,0.0,0.0
2025-07-18 09:30:00+03:00,68.0,68.19999694824219,67.1500015258789,67.44999694824219,11821291,0.0,0.0
2025-07-18 13:30:00+03:00,67.44999694824219,67.75,67.1500015258789,67.4000015258789,22990862,0.0,0.0
2025-07-18 17:30:00+03:00,67.4000015258789,67.5999984741211,67.25,67.30000305175781,5472616,0.0,0.0
2025-07-21 09:30:00+03:00,67.5999984741211,69.05000305175781,67.55000305175781,68.55000305175781,25399210,0.0,0.0
2025-07-21 13:30:00+03:00,68.5,69.1500015258789,68.3499984741211,68.9000015258789,27810498,0.0,0.0
2025-07-21 17:30:00+03:00,68.9000015258789,69.0,68.69999694824219,68.80000305175781,5132784,0.0,0.0
2025-07-22 09:30:00+03:00,68.5999984741211,68.9000015258789,68.0,68.4000015258789,27986944,0.0,0.0
2025-07-22 13:30:00+03:00,68.4000015258789,68.5,68.05000305175781,68.1500015258789,18412911,0.0,0.0
2025-07-22 17:30:00+03:00,68.1500015258789,68.1500015258789,67.5999984741211,67.6500015258789,10584354,0.0,0.0
2025-07-23 09:30:00+03:00,67.80000305175781,68.05000305175781,66.80000305175781,67.44999694824219,19227250,0.0,0.0
2025-07-23 13:30:00+03:00,67.44999694824219,67.94999694824219,66.94999694824219,67.8499984741211,24922034,0.0,0.0
2025-07-23 17:30:00+03:00,67.9000015258789,68.05000305175781,67.25,67.44999694824219,10352645,0.0,0.0
2025-07-24 09:30:00+03:00,68.0,68.1500015258789,67.6500015258789,67.9000015258789,13969290,0.0,0.0
2025-07-24 13:30:00+03:00,67.94999694824219,69.75,67.4000015258789,68.80000305175781,102754010,0.0,0.0
2025-07-24 17:30:00+03:00,68.75,68.80000305175781,68.0999984741211,68.19999694824219,8654464,0.0,0.0
2025-07-25 09:30:00+03:00,68.1500015258789,68.1500015258789,67.5,67.75,10404775,0.0,0.0
2025-07-25 13:30:00+03:00,67.75,68.3499984741211,67.75,67.94999694824219,20623505,0.0,0.0
2025-07-25 17:30:00+03:00,68.0,68.1500015258789,67.94999694824219,68.0,4832228,0.0,0.0
2025-07-28 09:30:00+03:00,68.5,68.6500015258789,67.19999694824219,67.44999694824219,10547240,0.0,0.0
2025-07-28 13:30:00+03:00,67.44999694824219,67.8499984741211,67.0999984741211,67.1500015258789,15124787,0.0,0.0
2025-07-28 17:30:00+03:00,67.19999694824219,67.30000305175781,67.0,67.1500015258789,4591329,0.0,0.0
2025-07-29 09:30:00+03:00,67.1500015258789,68.0999984741211,67.0999984741211,67.80000305175781,13349565,0.0,0.0
2025-07-29 13:30:00+03:00,67.8499984741211,67.94999694824219,67.55000305175781,67.5999984741211,8820954,0.0,0.0
2025-07-29 17:30:00+03:00,67.5999984741211,67.69999694824219,67.1500015258789,67.30000305175781,5395069,0.0,0.0
2025-07-30 09:30:00+03:00,66.9000015258789,67.75,66.69999694824219,67.05000305175781,23590943,0.0,0.0
2025-07-30 13:30:00+03:00,67.05000305175781,67.5999984741211,66.75,67.30000305175781,43823068,0.0,0.0
2025-07-30 17:30:00+03:00,67.30000305175781,67.4000015258789,67.1500015258789,67.19999694824219,6849766,0.0,0.0
2025-07-31 09:30:00+03:00,67.5,68.19999694824219,67.3499984741211,67.5999984741211,18131503,0.0,0.0
2025-07-31 13:30:00+03:00,67.5999984741211,67.80000305175781,67.19999694824219,67.55000305175781,27126295,0.0,0.0
2025-07-31 17:30:00+03:00,67.5,67.69999694824219,67.44999694824219,67.5,4696577,0.0,0.0
2025-08-01 09:30:00+03:00,67.44999694824219,67.55000305175781,66.1500015258789,66.5,19633983,0.0,0.0
2025-08-01 13:30:00+03:00,66.44999694824219,66.8499984741211,66.30000305175781,66.5,17910351,0.0,0.0
2025-08-01 17:30:00+03:00,66.5,66.8499984741211,66.3499984741211,66.5999984741211,10538016,0.0,0.0
2025-08-04 09:30:00+03:00,67.05000305175781,69.05000305175781,67.05000305175781,67.8499984741211,41406125,0.0,0.0
2025-08-04 13:30:00+03:00,67.8499984741211,68.0,67.4000015258789,67.44999694824219,27091192,0.0,0.0
2025-08-04 17:30:00+03:00,67.44999694824219,67.55000305175781,66.9000015258789,66.94999694824219,11937489,0.0,0.0
2025-08-05 09:30:00+03:00,67.0999984741211,67.0999984741211,66.55000305175781,66.69999694824219,16425394,0.0,0.0
2025-08-05 13:30:00+03:00,66.69999694824219,67.25,66.4000015258789,66.8499984741211,24554915,0.0,0.0
2025-08-05 17:30:00+03:00,66.8499984741211,67.1500015258789,66.69999694824219,66.75,7012667,0.0,0.0
2025-08-06 09:30:00+03:00,66.80000305175781,67.05000305175781,66.05000305175781,66.44999694824219,12793397,0.0,0.0
2025-08-06 13:30:00+03:00,66.44999694824219,67.30000305175781,66.44999694824219,66.8499984741211,26549531,0.0,0.0
2025-08-06 17:30:00+03:00,66.8499984741211,66.94999694824219,66.5999984741211,66.69999694824219,6796908,0.0,0.0
2025-08-07 09:30:00+03:00,67.0,68.4000015258789,67.0,68.19999694824219,34251761,0.0,0.0
2025-08-07 13:30:00+03:00,68.19999694824219,69.5,68.19999694824219,68.6500015258789,51051633,0.0,0.0
2025-08-07 17:30:00+03:00,68.6500015258789,68.6500015258789,68.19999694824219,68.30000305175781,4793732,0.0,0.0
2025-08-08 09:30:00+03:00,68.55000305175781,68.9000015258789,67.8499984741211,67.9000015258789,10086706,0.0,0.0
2025-08-08 13:30:00+03:00,67.9000015258789,68.55000305175781,67.6500015258789,68.25,16578513,0.0,0.0
2025-08-08 17:30:00+03:00,68.19999694824219,68.25,67.80000305175781,67.8499984741211,4892464,0.0,0.0
2025-08-11 09:30:00+03:00,68.5,68.80000305175781,68.0,68.5,13997389,0.0,0.0
2025-08-11 13:30:00+03:00,68.5,68.6500015258789,68.30000305175781,68.3499984741211,11125065,0.0,0.0
2025-08-11 17:30:00+03:00,68.30000305175781,68.4000015258789,68.1500015258789,68.25,3811130,0.0,0.0
2025-08-12 09:30:00+03:00,68.25,68.6500015258789,68.05000305175781,68.25,18932166,0.0,0.0
2025-08-12 13:30:00+03:00,68.19999694824219,68.5999984741211,68.1500015258789,68.30000305175781,13998535,0.0,0.0
2025-08-12 17:30:00+03:00,68.25,68.5,68.19999694824219,68.25,5764815,0.0,0.0
2025-08-13 09:30:00+03:00,68.3499984741211,69.0,68.05000305175781,68.5999984741211,19720413,0.0,0.0
2025-08-13 13:30:00+03:00,68.5999984741211,68.75,68.4000015258789,68.5999984741211,11660356,0.0,0.0
2025-08-13 17:30:00+03:00,68.6500015258789,68.6500015258789,68.30000305175781,68.30000305175781,3661228,0.0,0.0
2025-08-14 09:30:00+03:00,68.25,68.6500015258789,67.69999694824219,67.94999694824219,16573786,0.0,0.0
2025-08-14 13:30:00+03:00,67.94999694824219,68.0999984741211,67.1500015258789,67.25,17548328,0.0,0.0
2025-08-14 17:30:00+03:00,67.25,67.30000305175781,66.69999694824219,66.75,7137328,0.0,0.0
2025-08-15 09:30:00+03:00,66.6500015258789,67.05000305175781,66.44999694824219,66.80000305175781,8904397,0.0,0.0
2025-08-15 13:30:00+03:00,66.75,67.55000305175781,66.55000305175781,67.0999984741211,19619406,0.0,0.0
2025-08-15 17:30:00+03:00,67.1500015258789,67.3499984741211,67.05000305175781,67.30000305175781,4119847,0.0,0.0
2025-08-18 09:30:00+03:00,67.30000305175781,67.55000305175781,66.55000305175781,66.6500015258789,8911449,0.0,0.0
2025-08-18 13:30:00+03:00,66.5999984741211,66.6500015258789,66.0999984741211,66.3499984741211,12056787,0.0,0.0
2025-08-18 17:30:00+03:00,66.3499984741211,66.5,66.25,66.5,3902293,0.0,0.0
2025-08-19 09:30:00+03:00,66.69999694824219,67.4000015258789,66.69999694824219,66.75,11125129,0.0,0.0
2025-08-19 13:30:00+03:00,66.80000305175781,66.8499984741211,65.4000015258789,65.5,22156403,0.0,0.0
2025-08-19 17:30:00+03:00,65.55000305175781,66.0,65.5,65.9000015258789,10731558,0.0,0.0
2025-08-20 09:30:00+03:00,65.8499984741211,67.25,65.6500015258789,67.0999984741211,21252073,0.0,0.0
2025-08-20 13:30:00+03:00,67.0999984741211,67.80000305175781,67.0,67.30000305175781,30022224,0.0,0.0
2025-08-20 17:30:00+03:00,67.25,67.3499984741211,67.1500015258789,67.19999694824219,4957314,0.0,0.0
2025-08-21 09:30:00+03:00,67.5999984741211,68.30000305175781,67.0999984741211,68.1500015258789,35541485,0.0,0.0
2025-08-21 13:30:00+03:00,68.1500015258789,68.4000015258789,67.55000305175781,68.25,26925188,0.0,0.0
2025-08-21 17:30:00+03:00,68.25,68.4000015258789,68.05000305175781,68.19999694824219,6395407,0.0,0.0
2025-08-22 09:30:00+03:00,68.9000015258789,69.05000305175781,68.25,68.30000305175781,17946047,0.0,0.0
2025-08-22 13:30:00+03:00,68.30000305175781,69.3499984741211,68.0999984741211,68.80000305175781,42721154,0.0,0.0
2025-08-22 17:30:00+03:00,68.8499984741211,69.9000015258789,68.80000305175781,69.80000305175781,18698076,0.0,0.0
2025-08-25 09:30:00+03:00,70.80000305175781,71.05000305175781,69.5999984741211,69.75,19816342,0.0,0.0
2025-08-25 13:30:00+03:00,69.69999694824219,70.05000305175781,69.19999694824219,69.55000305175781,22725282,0.0,0.0
2025-08-25 17:30:00+03:00,69.5999984741211,69.5999984741211,69.0999984741211,69.30000305175781,5507181,0.0,0.0
2025-08-26 09:30:00+03:00,69.05000305175781,70.0999984741211,68.5,69.75,22563404,0.0,0.0
2025-08-26 13:30:00+03:00,69.80000305175781,70.25,69.55000305175781,69.8499984741211,21263965,0.0,0.0
2025-08-26 17:30:00+03:00,69.8499984741211,69.94999694824219,69.44999694824219,69.55000305175781,6177312,0.0,0.0
2025-08-27 09:30:00+03:00,70.19999694824219,70.30000305175781,69.5999984741211,69.75,22042221,0.0,0.0
2025-08-27 13:30:00+03:00,69.75,70.30000305175781,69.5999984741211,69.69999694824219,33879321,0.0,0.0
2025-08-27 17:30:00+03:00,69.69999694824219,69.69999694824219,69.05000305175781,69.4000015258789,7937928,0.0,0.0
2025-08-28 09:30:00+03:00,69.0999984741211,70.5999984741211,69.05000305175781,70.1500015258789,27187645,0.0,0.0
2025-08-28 13:30:00+03:00,70.1500015258789,70.4000015258789,69.55000305175781,69.5999984741211,25758549,0.0,0.0
2025-08-28 17:30:00+03:00,69.5999984741211,69.75,69.19999694824219,69.44999694824219,7043042,0.0,0.0
2025-08-29 09:30:00+03:00,69.55000305175781,70.30000305175781,69.4000015258789,69.94999694824219,16735720,0.0,0.0
2025-08-29 13:30:00+03:00,69.94999694824219,70.0999984741211,68.0999984741211,68.1500015258789,35364862,0.0,0.0
2025-08-29 17:30:00+03:00,68.1500015258789,68.3499984741211,67.9000015258789,68.1500015258789,16259748,0.0,0.0
2025-09-01 09:30:00+03:00,68.44999694824219,69.75,68.3499984741211,68.8499984741211,26672390,0.0,0.0
2025-09-01 13:30:00+03:00,68.8499984741211,69.1500015258789,68.30000305175781,69.0999984741211,18410288,0.0,0.0
2025-09-01 17:30:00+03:00,69.0999984741211,69.1500015258789,68.8499984741211,69.05000305175781,4158267,0.0,0.0
2025-09-02 09:30:00+03:00,69.4000015258789,69.94999694824219,69.1500015258789,69.6500015258789,19718857,0.0,0.0
2025-09-02 13:30:00+03:00,69.5999984741211,70.19999694824219,62.900001525878906,65.25,141798782,0.0,0.0
2025-09-02 17:30:00+03:00,65.19999694824219,66.80000305175781,65.0,66.1500015258789,17333172,0.0,0.0
2025-09-03 09:30:00+03:00,66.1500015258789,66.1500015258789,60.79999923706055,61.349998474121094,86159247,0.0,0.0
2025-09-03 13:30:00+03:00,61.349998474121094,61.79999923706055,60.900001525878906,61.349998474121094,74073202,0.0,0.0
2025-09-03 17:30:00+03:00,61.349998474121094,61.5,60.849998474121094,60.849998474121094,19493340,0.0,0.0
2025-09-04 09:30:00+03:00,61.099998474121094,62.04999923706055,60.400001525878906,61.849998474121094,103569776,0.0,0.0
2025-09-04 13:30:00+03:00,61.900001525878906,62.349998474121094,61.25,61.5,73503013,0.0,0.0
2025-09-04 17:30:00+03:00,61.54999923706055,61.900001525878906,61.45000076293945,61.650001525878906,16349922,0.0,0.0
2025-09-05 09:30:00+03:00,62.150001525878906,62.70000076293945,61.04999923706055,62.400001525878906,67900330,0.0,0.0
2025-09-05 13:30:00+03:00,62.400001525878906,64.6500015258789,61.849998474121094,62.95000076293945,113239486,0.0,0.0
2025-09-05 17:30:00+03:00,62.95000076293945,63.099998474121094,62.25,62.349998474121094,18071887,0.0,0.0
2025-09-08 09:30:00+03:00,61.349998474121094,62.349998474121094,60.5,60.79999923706055,28790164,0.0,0.0
2025-09-08 13:30:00+03:00,60.79999923706055,61.75,60.70000076293945,61.5,30817085,0.0,0.0
2025-09-08 17:30:00+03:00,61.54999923706055,61.75,61.400001525878906,61.45000076293945,7842250,0.0,0.0
2025-09-09 09:30:00+03:00,62.0,62.29999923706055,61.20000076293945,62.150001525878906,25540203,0.0,0.0
2025-09-09 13:30:00+03:00,62.150001525878906,63.349998474121094,61.599998474121094,62.599998474121094,64976112,0.0,0.0
2025-09-09 17:30:00+03:00,62.599998474121094,62.95000076293945,62.400001525878906,62.79999923706055,7177440,0.0,0.0
2025-09-10 09:30:00+03:00,63.29999923706055,63.650001525878906,62.54999923706055,63.0,26420765,0.0,0.0
2025-09-10 13:30:00+03:00,63.0,63.95000076293945,62.54999923706055,63.70000076293945,41235644,0.0,0.0
2025-09-10 17:30:00+03:00,63.70000076293945,64.1500015258789,63.650001525878906,63.95000076293945,9825375,0.0,0.0
2025-09-11 09:30:00+03:00,63.95000076293945,65.5,63.5,64.6500015258789,82967808,0.0,0.0
2025-09-11 13:30:00+03:00,64.6500015258789,65.0,61.29999923706055,61.5,148164993,0.0,0.0
2025-09-11 17:30:00+03:00,61.5,61.599998474121094,60.900001525878906,61.20000076293945,23132760,0.0,0.0
2025-09-12 09:30:00+03:00,61.099998474121094,61.45000076293945,60.29999923706055,61.25,29018468,0.0,0.0
2025-09-12 13:30:00+03:00,61.25,62.20000076293945,60.900001525878906,61.900001525878906,53612321,0.0,0.0
2025-09-12 17:30:00+03:00,61.95000076293945,62.25,61.70000076293945,61.95000076293945,10433184,0.0,0.0
2025-09-15 09:30:00+03:00,61.79999923706055,66.44999694824219,61.150001525878906,65.44999694824219,132624940,0.0,0.0
2025-09-15 13:30:00+03:00,65.44999694824219,65.9000015258789,64.8499984741211,65.0999984741211,52280662,0.0,0.0
2025-09-15 17:30:00+03:00,65.0999984741211,65.5,65.05000305175781,65.4000015258789,13250590,0.0,0.0
2025-09-16 09:30:00+03:00,65.6500015258789,65.9000015258789,65.0,65.3499984741211,30084208,0.0,0.0
2025-09-16 13:30:00+03:00,65.30000305175781,66.6500015258789,65.30000305175781,66.44999694824219,72807485,0.0,0.0
2025-09-16 17:30:00+03:00,66.44999694824219,66.9000015258789,66.4000015258789,66.6500015258789,14780116,0.0,0.0
2025-09-17 09:30:00+03:00,66.55000305175781,66.94999694824219,66.19999694824219,66.30000305175781,23468362,0.0,0.0
2025-09-17 13:30:00+03:00,66.30000305175781,67.75,66.1500015258789,67.6500015258789,57937311,0.0,0.0
2025-09-17 17:30:00+03:00,67.6500015258789,67.75,67.0999984741211,67.25,8106651,0.0,0.0
2025-09-18 09:30:00+03:00,67.44999694824219,67.69999694824219,66.94999694824219,67.3499984741211,19063167,0.0,0.0
2025-09-18 13:30:00+03:00,67.30000305175781,67.4000015258789,65.30000305175781,65.5,46966083,0.0,0.0
2025-09-18 17:30:00+03:00,65.44999694824219,65.5999984741211,64.5,64.9000015258789,17876578,0.0,0.0
2025-09-19 09:30:00+03:00,65.25,66.19999694824219,64.80000305175781,65.6500015258789,37284113,0.0,0.0
2025-09-19 13:30:00+03:00,65.6500015258789,67.19999694824219,65.05000305175781,65.69999694824219,101737342,0.0,0.0
2025-09-19 17:30:00+03:00,65.69999694824219,66.5,65.69999694824219,66.44999694824219,13410878,0.0,0.0
2025-09-22 09:30:00+03:00,68.55000305175781,68.75,67.80000305175781,68.19999694824219,35026721,0.0,0.0
2025-09-22 13:30:00+03:00,68.19999694824219,68.55000305175781,67.69999694824219,67.80000305175781,33990950,0.0,0.0
2025-09-22 17:30:00+03:00,67.8499984741211,68.05000305175781,67.75,67.80000305175781,5962924,0.0,0.0
2025-09-23 09:30:00+03:00,66.5,67.19999694824219,66.1500015258789,66.6500015258789,23836828,0.0,0.0
2025-09-23 13:30:00+03:00,66.5999984741211,66.80000305175781,65.8499984741211,65.94999694824219,24556323,0.0,0.0
2025-09-23 17:30:00+03:00,66.0,66.0999984741211,65.8499984741211,65.9000015258789,6242554,0.0,0.0
2025-09-24 09:30:00+03:00,66.1500015258789,66.30000305175781,63.75,65.94999694824219,63884288,0.0,0.0
2025-09-24 13:30:00+03:00,65.94999694824219,67.0999984741211,65.30000305175781,65.69999694824219,50086439,0.0,0.0
2025-09-24 17:30:00+03:00,65.69999694824219,66.0,65.5999984741211,65.6500015258789,7436311,0.0,0.0
2025-09-25 09:30:00+03:00,65.94999694824219,66.05000305175781,64.75,64.9000015258789,21296616,0.0,0.0
2025-09-25 13:30:00+03:00,64.8499984741211,65.1500015258789,64.55000305175781,64.9000015258789,28475178,0.0,0.0
2025-09-25 17:30:00+03:00,64.9000015258789,64.9000015258789,64.6500015258789,64.6500015258789,6391262,0.0,0.0
2025-09-26 09:30:00+03:00,64.44999694824219,64.80000305175781,63.75,63.900001525878906,30409353,0.0,0.0
2025-09-26 13:30:00+03:00,63.95000076293945,63.95000076293945,61.599998474121094,61.900001525878906,100633459,0.0,0.0
2025-09-26 17:30:00+03:00,61.900001525878906,61.900001525878906,61.400001525878906,61.54999923706055,19103790,0.0,0.0
2025-09-29 09:30:00+03:00,61.04999923706055,62.400001525878906,60.900001525878906,62.20000076293945,26405052,0.0,0.0
2025-09-29 13:30:00+03:00,62.20000076293945,62.25,61.400001525878906,61.599998474121094,36701859,0.0,0.0
2025-09-29 17:30:00+03:00,61.599998474121094,61.650001525878906,61.20000076293945,61.29999923706055,8013271,0.0,0.0
2025-09-30 09:30:00+03:00,61.54999923706055,62.25,61.349998474121094,61.900001525878906,40345970,0.0,0.0
2025-09-30 13:30:00+03:00,61.900001525878906,62.95000076293945,61.54999923706055,62.54999923706055,56051484,0.0,0.0
2025-09-30 17:30:00+03:00,62.599998474121094,62.650001525878906,62.25,62.54999923706055,6825086,0.0,0.0
2025-10-01 09:30:00+03:00,62.54999923706055,62.79999923706055,61.900001525878906,62.349998474121094,26352176,0.0,0.0
2025-10-01 13:30:00+03:00,62.349998474121094,64.75,62.25,64.44999694824219,93651087,0.0,0.0
2025-10-01 17:30:00+03:00,64.4000015258789,64.5999984741211,64.1500015258789,64.3499984741211,6659317,0.0,0.0
2025-10-02 09:30:00+03:00,64.1500015258789,64.55000305175781,62.849998474121094,63.349998474121094,32538111,0.0,0.0
2025-10-02 13:30:00+03:00,63.349998474121094,63.54999923706055,62.0,62.349998474121094,30473513,0.0,0.0
2025-10-02 17:30:00+03:00,62.29999923706055,62.5,62.25,62.29999923706055,4902460,0.0,0.0
2025-10-03 09:30:00+03:00,63.0,63.099998474121094,60.20000076293945,60.29999923706055,33380165,0.0,0.0
2025-10-03 13:30:00+03:00,60.25,60.54999923706055,59.45000076293945,59.54999923706055,44860014,0.0,0.0
2025-10-03 17:30:00+03:00,59.54999923706055,59.54999923706055,59.25,59.45000076293945,10478268,0.0,0.0
2025-10-06 09:30:00+03:00,59.79999923706055,60.29999923706055,59.54999923706055,59.900001525878906,17628840,0.0,0.0
2025-10-06 13:30:00+03:00,59.95000076293945,60.150001525878906,58.20000076293945,58.75,47599729,0.0,0.0
2025-10-06 17:30:00+03:00,58.75,58.75,58.04999923706055,58.400001525878906,12286518,0.0,0.0
2025-10-07 09:30:00+03:00,58.650001525878906,59.29999923706055,58.29999923706055,59.04999923706055,27278210,0.0,0.0
2025-10-07 13:30:00+03:00,59.099998474121094,59.349998474121094,58.400001525878906,58.650001525878906,30465918,0.0,0.0
2025-10-07 17:30:00+03:00,58.70000076293945,59.150001525878906,58.650001525878906,58.95000076293945,8776658,0.0,0.0
2025-10-08 09:30:00+03:00,59.150001525878906,60.099998474121094,58.79999923706055,59.54999923706055,27555791,0.0,0.0
2025-10-08 13:30:00+03:00,59.599998474121094,59.599998474121094,58.099998474121094,58.29999923706055,34985165,0.0,0.0
2025-10-08 17:30:00+03:00,58.349998474121094,58.349998474121094,58.04999923706055,58.20000076293945,7737773,0.0,0.0
2025-10-09 09:30:00+03:00,58.900001525878906,59.099998474121094,57.849998474121094,58.20000076293945,16955985,0.0,0.0
2025-10-09 13:30:00+03:00,58.25,58.400001525878906,57.349998474121094,57.650001525878906,34913134,0.0,0.0
2025-10-09 17:30:00+03:00,57.650001525878906,57.650001525878906,57.0,57.5,12968178,0.0,0.0
2025-10-10 09:30:00+03:00,57.5,58.29999923706055,57.400001525878906,57.95000076293945,15511162,0.0,0.0
2025-10-10 13:30:00+03:00,57.95000076293945,58.0,56.849998474121094,57.599998474121094,25751228,0.0,0.0
2025-10-10 17:30:00+03:00,57.54999923706055,57.75,57.45000076293945,57.650001525878906,6566508,0.0,0.0
2025-10-13 09:30:00+03:00,56.650001525878906,57.20000076293945,56.25,56.70000076293945,23423655,0.0,0.0
2025-10-13 13:30:00+03:00,56.75,56.79999923706055,55.75,56.0,29518528,0.0,0.0
2025-10-13 17:30:00+03:00,56.0,56.099998474121094,55.75,55.900001525878906,7335639,0.0,0.0
2025-10-14 09:30:00+03:00,56.0,56.150001525878906,54.900001525878906,55.150001525878906,30314994,0.0,0.0
2025-10-14 13:30:00+03:00,55.150001525878906,55.20000076293945,53.70000076293945,53.75,39701372,0.0,0.0
2025-10-14 17:30:00+03:00,53.70000076293945,53.70000076293945,53.20000076293945,53.5,14604364,0.0,0.0
2025-10-15 09:30:00+03:00,53.75,54.54999923706055,53.349998474121094,53.400001525878906,25724168,0.0,0.0
2025-10-15 13:30:00+03:00,53.45000076293945,54.45000076293945,53.150001525878906,53.45000076293945,56792870,0.0,0.0
2025-10-15 17:30:00+03:00,53.45000076293945,53.79999923706055,53.29999923706055,53.599998474121094,11983779,0.0,0.0
2025-10-16 09:30:00+03:00,53.70000076293945,56.099998474121094,53.54999923706055,55.54999923706055,55554735,0.0,0.0
2025-10-16 13:30:00+03:00,55.599998474121094,55.70000076293945,54.79999923706055,55.150001525878906,31511727,0.0,0.0
2025-10-16 17:30:00+03:00,55.099998474121094,55.349998474121094,54.900001525878906,55.25,8412121,0.0,0.0
2025-10-17 09:30:00+03:00,54.95000076293945,55.400001525878906,53.099998474121094,54.099998474121094,39340527,0.0,0.0
2025-10-17 13:30:00+03:00,54.150001525878906,55.400001525878906,54.099998474121094,54.79999923706055,41235211,0.0,0.0
2025-10-17 17:30:00+03:00,54.79999923706055,55.04999923706055,54.70000076293945,54.900001525878906,6637658,0.0,0.0
2025-10-20 09:30:00+03:00,55.349998474121094,55.900001525878906,54.25,55.75,38193293,0.0,0.0
2025-10-20 13:30:00+03:00,55.70000076293945,58.45000076293945,55.599998474121094,57.900001525878906,103208184,0.0,0.0
2025-10-20 17:30:00+03:00,57.900001525878906,58.29999923706055,57.849998474121094,57.95000076293945,8949246,0.0,0.0
2025-10-21 09:30:00+03:00,57.95000076293945,58.349998474121094,57.150001525878906,57.599998474121094,37055814,0.0,0.0
2025-10-21 13:30:00+03:00,57.650001525878906,58.150001525878906,57.0,57.75,81517220,0.0,0.0
2025-10-21 17:30:00+03:00,57.75,57.75,57.25,57.45000076293945,10870746,0.0,0.0
2025-10-22 09:30:00+03:00,58.04999923706055,58.650001525878906,57.650001525878906,58.29999923706055,43325059,0.0,0.0
2025-10-22 13:30:00+03:00,58.29999923706055,58.54999923706055,57.79999923706055,58.04999923706055,35901964,0.0,0.0
2025-10-22 17:30:00+03:00,58.0,58.20000076293945,57.95000076293945,58.04999923706055,7211594,0.0,0.0
2025-10-23 09:30:00+03:00,58.0,59.20000076293945,58.0,58.29999923706055,38623084,0.0,0.0
2025-10-23 13:30:00+03:00,58.29999923706055,59.400001525878906,57.54999923706055,58.5,83951122,0.0,0.0
2025-10-23 17:30:00+03:00,58.5,58.599998474121094,58.25,58.400001525878906,7421248,0.0,0.0
2025-10-24 09:30:00+03:00,59.599998474121094,63.95000076293945,58.29999923706055,62.54999923706055,271834870,0.0,0.0
2025-10-24 13:30:00+03:00,62.5,62.54999923706055,60.599998474121094,60.79999923706055,87718452,0.0,0.0
2025-10-24 17:30:00+03:00,60.79999923706055,60.849998474121094,60.099998474121094,60.20000076293945,19107102,0.0,0.0
2025-10-27 09:30:00+03:00,60.099998474121094,60.650001525878906,59.599998474121094,60.29999923706055,64623761,0.0,0.0
2025-10-27 13:30:00+03:00,60.349998474121094,60.400001525878906,59.04999923706055,59.20000076293945,45739369,0.0,0.0
2025-10-28 09:30:00+03:00,58.849998474121094,59.25,58.29999923706055,58.54999923706055,49177420,0.0,0.0
2025-10-30 09:30:00+03:00,59.0,59.45000076293945,58.599998474121094,58.79999923706055,47643940,0.0,0.0
2025-10-30 13:30:00+03:00,58.75,59.599998474121094,58.349998474121094,59.150001525878906,50454277,0.0,0.0
2025-10-31 09:30:00+03:00,59.54999923706055,60.650001525878906,58.95000076293945,60.25,66556356,0.0,0.0
2025-10-31 13:30:00+03:00,60.25,60.400001525878906,59.599998474121094,59.849998474121094,32377761,0.0,0.0
