Date,open,high,low,close,volume,dividends,stock splits
2023-10-24 00:00:00+03:00,148.04619567458693,158.08154788878556,140.69357188673678,147.05259704589844,1749175,0.0,0.0
2023-10-25 00:00:00+03:00,147.05260062058989,161.75786371487132,138.30892944335938,138.30892944335938,2798688,0.0,0.0
2023-10-26 00:00:00+03:00,134.9307043325185,152.11996459960938,134.1358223530188,152.11996459960938,694343,0.0,0.0
2023-10-27 00:00:00+03:00,167.32200622558594,167.32200622558594,167.32200622558594,167.32200622558594,311847,0.0,0.0
2023-10-30 00:00:00+03:00,178.8477554296202,184.01446533203125,173.87976222324187,184.01446533203125,123777,0.0,0.0
2023-10-31 00:00:00+03:00,202.3960418701172,202.3960418701172,184.01446685444077,202.3960418701172,1225237,0.0,0.0
2023-11-01 00:00:00+03:00,208.15891297181818,217.3993832624554,182.22598266601562,182.22598266601562,821018,0.0,0.0
2023-11-02 00:00:00+03:00,164.04314337904478,188.78374372970308,164.04314337904478,169.3092041015625,416781,0.0,0.0
2023-11-03 00:00:00+03:00,166.92457580566406,170.40217113494873,158.77706978070535,166.92457580566406,180034,0.0,0.0
2023-11-06 00:00:00+03:00,168.9117717509782,183.61703491210938,164.93737712154342,183.61703491210938,103448,0.0,0.0
2023-11-07 00:00:00+03:00,198.5209997341176,201.89922884878445,188.78373059739798,189.67796325683594,1256011,0.0,0.0
2023-11-08 00:00:00+03:00,189.7773351043481,197.2293247026864,178.94711628587447,188.8831024169922,175034,0.0,0.0
2023-11-09 00:00:00+03:00,189.67798177931368,207.76148986816406,189.28054837211127,207.76148986816406,170387,0.0,0.0
2023-11-10 00:00:00+03:00,212.13331660395085,228.52769470214844,201.70053054146146,228.52769470214844,285791,0.0,0.0
2023-11-13 00:00:00+03:00,228.5276875527939,251.3804563080733,208.6557147221162,248.10157775878906,308679,0.0,0.0
2023-11-14 00:00:00+03:00,246.11439019356163,264.29724908380535,233.4956899800536,238.56304931640625,260365,0.0,0.0
2023-11-15 00:00:00+03:00,238.36431436985526,247.50543424362044,218.6910728739051,224.5532989501953,232677,0.0,0.0
2023-11-16 00:00:00+03:00,218.59170346896346,243.53103570191283,212.13331223010772,233.29696655273438,214213,0.0,0.0
2023-11-17 00:00:00+03:00,232.89951716911466,233.2969657252249,221.6718645687415,225.1494598388672,137370,0.0,0.0
2023-11-20 00:00:00+03:00,225.1494543651591,228.03088431162377,216.6045001304313,217.5980987548828,118675,0.0,0.0
2023-11-21 00:00:00+03:00,216.50513482181887,226.14305363541123,209.74867628514346,219.58529663085938,132132,0.0,0.0
2023-11-22 00:00:00+03:00,221.572498969312,221.572498969312,209.64931516827278,210.64291381835938,157632,0.0,0.0
2023-11-23 00:00:00+03:00,208.6557050165566,217.3993756875679,206.07234260428802,208.05953979492188,106892,0.0,0.0
2023-11-24 00:00:00+03:00,208.05955068953114,214.0211425735992,203.4890060084129,208.6557159423828,89511,0.0,0.0
2023-11-27 00:00:00+03:00,210.14609854561942,229.52127075195312,208.75506660550656,229.52127075195312,165439,0.0,0.0
2023-11-28 00:00:00+03:00,240.35150208452458,249.14485600807797,228.5276844740097,242.3386993408203,239015,0.0,0.0
2023-11-29 00:00:00+03:00,233.39630363456433,241.44445830931951,222.56608502587477,226.83856201171875,152688,0.0,0.0
2023-11-30 00:00:00+03:00,227.4347295190829,238.46368082152338,222.56610210008847,234.78736877441406,99552,0.0,0.0
2023-12-01 00:00:00+03:00,234.78735457762264,235.38350464696177,223.55968725228553,224.2552032470703,92834,0.0,0.0
2023-12-04 00:00:00+03:00,223.16225709857812,246.61117553710938,215.80961818155222,246.61117553710938,686899,0.0,0.0
2023-12-05 00:00:00+03:00,245.81629734204745,257.8388469441582,233.69439697265625,233.69439697265625,468332,0.0,0.0
2023-12-06 00:00:00+03:00,233.49566893144086,238.3642959638647,212.63009851629084,218.59169006347656,369034,0.0,0.0
2023-12-07 00:00:00+03:00,218.69106454406176,230.31616548372267,209.64931094592995,221.57249450683594,387596,0.0,0.0
2023-12-08 00:00:00+03:00,222.5660973348998,243.72975158691406,221.67186461540985,243.72975158691406,591061,0.0,0.0
2023-12-11 00:00:00+03:00,243.2329416979429,268.0232238769531,239.45726396421023,268.0232238769531,1046927,0.0,0.0
2023-12-12 00:00:00+03:00,263.3036393721609,284.1692107941057,246.1143798828125,246.1143798828125,1124986,0.0,0.0
2023-12-13 00:00:00+03:00,246.11438274341947,256.34845187773766,234.9860808879262,237.47007751464844,491721,0.0,0.0
2023-12-14 00:00:00+03:00,241.44446162739035,248.39965188003123,237.17198458283153,243.0342254638672,409394,0.0,0.0
2023-12-15 00:00:00+03:00,243.43166082677706,252.8708476751623,242.4380622111576,246.9092559814453,342446,0.0,0.0
2023-12-18 00:00:00+03:00,246.90926905188277,263.80044641156894,240.94767704258177,247.2073516845703,377997,0.0,0.0
2023-12-19 00:00:00+03:00,251.87724095279373,252.87083953643392,239.35789273448256,239.65597534179688,252059,0.0,0.0
2023-12-20 00:00:00+03:00,241.44447382712852,263.5520439615055,235.97968120964208,243.43167114257812,727580,0.0,0.0
2023-12-21 00:00:00+03:00,242.83548997443367,256.84523619496736,237.47006363867388,243.53102111816406,414205,0.0,0.0
2023-12-22 00:00:00+03:00,243.53103131545564,247.70414254702044,236.8739083371912,242.13998413085938,160038,0.0,0.0
2023-12-25 00:00:00+03:00,243.92845894359306,245.41885685974535,220.08209228515625,220.08209228515625,178506,0.0,0.0
2023-12-26 00:00:00+03:00,220.08209467593426,230.71359689442295,209.15250983875467,215.61090087890625,263319,0.0,0.0
2023-12-27 00:00:00+03:00,215.5115403907765,215.61090631988492,198.81909525619128,200.40884399414062,232085,0.0,0.0
2023-12-28 00:00:00+03:00,200.4088316210149,212.72946317529266,197.72611847295087,204.18450927734375,198772,0.0,0.0
2023-12-29 00:00:00+03:00,204.1845063749309,217.89616968926524,196.43443448760183,210.84161376953125,247788,0.0,0.0
2024-01-02 00:00:00+03:00,211.13970899252632,231.90591430664062,211.13970899252632,231.90591430664062,229200,0.0,0.0
2024-01-03 00:00:00+03:00,231.90591982151312,242.33870569041866,222.1686651394244,227.03729248046875,220445,0.0,0.0
2024-01-04 00:00:00+03:00,227.23600938779487,234.48928260220416,221.87058271473174,233.19760131835938,188939,0.0,0.0
2024-01-05 00:00:00+03:00,232.9988870542872,240.64959374623535,228.52769305964205,230.81297302246094,187452,0.0,0.0
2024-01-08 00:00:00+03:00,230.81295751144668,247.90285037695432,223.55968470867623,241.24574279785156,336908,0.0,0.0
2024-01-09 00:00:00+03:00,241.24574892126694,246.41245873345576,230.71359744321484,234.19119262695312,257162,0.0,0.0
2024-01-10 00:00:00+03:00,234.19119568897065,234.19119568897065,224.3545752479432,231.7071990966797,166864,0.0,0.0
2024-01-11 00:00:00+03:00,232.89952169628856,233.49568696148629,224.15586554747182,224.5532989501953,222202,0.0,0.0
2024-01-12 00:00:00+03:00,224.55329640154724,239.25855955210113,221.0757011032932,229.0244903564453,350605,0.0,0.0
2024-01-15 00:00:00+03:00,229.2231946251527,251.87724580036652,229.1238438615433,230.71359252929688,960057,0.0,0.0
2024-01-16 00:00:00+03:00,230.81296446501798,236.07904022902605,223.95712483074306,227.83216857910156,329301,0.0,0.0
2024-01-17 00:00:00+03:00,227.43471358341063,232.40270658576657,220.18145592886012,222.4667205810547,270160,0.0,0.0
2024-01-18 00:00:00+03:00,223.7584078332506,227.63345157634467,219.0884973172149,219.58529663085938,181291,0.0,0.0
2024-01-19 00:00:00+03:00,219.88337490501414,223.4603207958847,216.60449646754913,220.18145751953125,164807,0.0,0.0
2024-01-22 00:00:00+03:00,220.18145387383728,224.55328161066228,216.6044928810813,218.59169006347656,157097,0.0,0.0
2024-01-23 00:00:00+03:00,218.59170197010505,221.4731319770843,212.6301100981931,214.91539001464844,222867,0.0,0.0
2024-01-24 00:00:00+03:00,215.21347145607876,221.969930078173,211.63651028817188,221.2744140625,194449,0.0,0.0
2024-01-25 00:00:00+03:00,221.274417932125,235.48288176268682,218.8897872192263,226.93792724609375,340407,0.0,0.0
2024-01-26 00:00:00+03:00,228.32896114274934,237.0726318484818,223.6590507584378,234.98606872558594,407552,0.0,0.0
2024-01-29 00:00:00+03:00,238.06623753800014,240.35150225547613,227.8321686285757,240.2521514892578,618223,0.0,0.0
2024-01-30 00:00:00+03:00,240.2521446714509,264.048828125,236.1783843443064,264.048828125,1029649,0.0,0.0
2024-01-31 00:00:00+03:00,264.04884666005603,290.37921142578125,253.6160606208064,290.37921142578125,1125886,0.0,0.0
2024-02-01 00:00:00+03:00,290.3791819868417,312.73514980447703,284.1691909263874,288.1435852050781,1159326,0.0,0.0
2024-02-02 00:00:00+03:00,288.3920043892967,307.5187781515498,278.20761836004505,289.6340026855469,970474,0.0,0.0
2024-02-05 00:00:00+03:00,291.1243959859537,314.47396358209676,290.1307973648412,310.9963684082031,675956,0.0,0.0
2024-02-06 00:00:00+03:00,310.9963538760231,322.4227374848865,284.91439129057386,292.11798095703125,1286307,0.0,0.0
2024-02-07 00:00:00+03:00,292.6148152741673,295.8440110284663,278.2076342165258,279.20123291015625,468299,0.0,0.0
2024-02-08 00:00:00+03:00,279.44959220239673,289.3855777029264,273.7364005395922,278.45599365234375,340992,0.0,0.0
2024-02-09 00:00:00+03:00,280.1948390415737,284.169233921596,274.9784457615444,278.2076416015625,209514,0.0,0.0
2024-02-12 00:00:00+03:00,279.20122063882104,287.1500098385028,275.22682603898016,282.9272155761719,456349,0.0,0.0
2024-02-13 00:00:00+03:00,284.41760864257816,306.02837890625,283.1756103515625,285.65960693359375,808001,0.0,0.0
2024-02-14 00:00:00+03:00,285.6595958362926,314.2255554199219,277.7108070825871,314.2255554199219,660123,0.0,0.0
2024-02-15 00:00:00+03:00,321.92594808600063,334.84272995364876,303.29597423843114,307.5187683105469,882663,0.0,0.0
2024-02-16 00:00:00+03:00,308.0155739177099,338.07193234032513,299.3215859442262,333.6007385253906,1377273,0.0,0.0
2024-02-19 00:00:00+03:00,336.82993652343754,357.6955078125,328.88114746093754,347.759521484375,912041,0.0,0.0
2024-02-20 00:00:00+03:00,352.7275033926035,382.53546142578125,338.07192402629113,382.53546142578125,802350,0.0,0.0
2024-02-21 00:00:00+03:00,392.4714636393436,412.34343648184205,377.56748400746983,390.732666015625,1126459,0.0,0.0
2024-02-22 00:00:00+03:00,390.23585812301684,404.8914377724491,378.312674679411,387.7518615722656,606751,0.0,0.0
2024-02-23 00:00:00+03:00,387.25507823173245,392.4714712034235,368.1283040021985,383.5290832519531,507722,0.0,0.0
2024-02-26 00:00:00+03:00,383.77745490009596,399.4266326727212,374.5866679542684,385.2678527832031,563226,0.0,0.0
2024-02-27 00:00:00+03:00,385.26787234473164,388.4970679220892,372.847889354895,380.54827880859375,301747,0.0,0.0
2024-02-28 00:00:00+03:00,379.554677734375,407.375439453125,369.61869140625004,391.2294616699219,889008,0.0,0.0
2024-02-29 00:00:00+03:00,388.4970780732616,394.70706973044287,357.94391911992966,375.08349609375,787007,0.0,0.0
2024-03-01 00:00:00+03:00,378.8094580485559,382.5354527178859,365.64427688358967,379.5546569824219,403769,0.0,0.0
2024-03-04 00:00:00+03:00,380.54828193301245,417.3114318847656,373.34469173976356,417.3114318847656,815664,0.0,0.0
2024-03-05 00:00:00+03:00,424.2666244939832,452.8325857450418,411.846641341349,437.6802062988281,1274349,0.0,0.0
2024-03-06 00:00:00+03:00,437.6801923292432,437.6801923292432,393.96185302734375,393.96185302734375,585347,0.0,0.0
2024-03-07 00:00:00+03:00,382.5354689651954,410.8530296548267,364.1538944824522,400.1718444824219,683882,0.0,0.0
2024-03-08 00:00:00+03:00,414.08222272953714,414.08222272953714,387.50345978289016,404.6430358886719,362779,0.0,0.0
2024-03-11 00:00:00+03:00,407.3754342397054,412.3434273401896,377.5674756368001,381.5418701171875,393334,0.0,0.0
2024-03-12 00:00:00+03:00,381.54186379482076,385.5162582093501,367.87988299487597,374.0898742675781,231898,0.0,0.0
2024-03-13 00:00:00+03:00,374.08988769369245,387.5034693241436,361.42150504271086,374.3382873535156,315662,0.0,0.0
2024-03-14 00:00:00+03:00,374.58668328661633,379.80307609100555,355.95670898522627,356.2051086425781,286108,0.0,0.0
2024-03-15 00:00:00+03:00,356.95030550088927,391.72625732421875,355.4599075656037,391.72625732421875,403226,0.0,0.0
2024-03-18 00:00:00+03:00,406.1334531852998,419.29863545980794,370.6123010106833,371.1091003417969,540594,0.0,0.0
2024-03-19 00:00:00+03:00,370.860687478751,408.1206359863281,368.128291254862,408.1206359863281,353168,0.0,0.0
2024-03-20 00:00:00+03:00,408.12064064756305,448.8581848144531,398.433053924949,448.8581848144531,860784,0.0,0.0
2024-03-21 00:00:00+03:00,456.06178616864963,476.92735808486236,404.14625604378705,406.1334533691406,1327708,0.0,0.0
2024-03-22 00:00:00+03:00,398.68145025257826,420.29222045318534,392.4714588156222,418.3050231933594,639691,0.0,0.0
2024-03-25 00:00:00+03:00,418.3050041905156,437.1833773012515,406.87862046559655,429.2345886230469,604324,0.0,0.0
2024-03-26 00:00:00+03:00,428.2410032216675,442.15138383675645,416.3178198373055,417.0630187988281,344058,0.0,0.0
2024-03-27 00:00:00+03:00,416.06941425217957,431.7185922210675,397.4394404796939,422.031005859375,312820,0.0,0.0
2024-03-28 00:00:00+03:00,422.2794090161483,434.69939163427034,403.15263578424043,415.32421875,276966,0.0,0.0
2024-03-29 00:00:00+03:00,414.57902954101564,414.57902954101564,388.74546508789064,397.439453125,265895,0.0,0.0
2024-04-01 00:00:00+03:00,405.3882384568118,405.3882384568118,385.51626598343864,397.9362487792969,181127,0.0,0.0
2024-04-02 00:00:00+03:00,397.9362746077761,407.3754621452889,392.4714818229003,394.45867919921875,166840,0.0,0.0
2024-04-03 00:00:00+03:00,394.4586368081129,397.19103290690964,374.8350648258453,377.3190612792969,120650,0.0,0.0
2024-04-04 00:00:00+03:00,377.31906465423015,381.7902583104356,362.6634854477788,370.6122741699219,178859,0.0,0.0
2024-04-05 00:00:00+03:00,370.61229124044047,381.7902758958157,366.63789669630705,376.5738830566406,192728,0.0,0.0
2024-04-08 00:00:00+03:00,376.5738818359375,405.3882421875,373.5930859375,397.439453125,246718,0.0,0.0
2024-04-15 00:00:00+03:00,390.9810478925267,405.6366271972656,382.53545981860935,405.6366271972656,216982,0.0,0.0
2024-04-16 00:00:00+03:00,402.65584719098644,405.636643098631,386.01307003997096,395.203857421875,165107,0.0,0.0
2024-04-17 00:00:00+03:00,395.20386865077876,408.86585028232673,384.5226830115685,387.50347900390625,271081,0.0,0.0
2024-04-18 00:00:00+03:00,382.7838781020221,388.4970703125,377.5674852141944,388.4970703125,144541,0.0,0.0
2024-04-19 00:00:00+03:00,387.0066818160627,396.69426884483454,377.56749445469535,395.4522705078125,195886,0.0,0.0
2024-04-22 00:00:00+03:00,402.4074600916829,408.6174517597644,391.4778747558594,391.4778747558594,219032,0.0,0.0
2024-04-24 00:00:00+03:00,391.72624514230483,427.2473948286394,387.5034511236497,422.5278015136719,435824,0.0,0.0
2024-04-25 00:00:00+03:00,420.0438157472929,425.2602084916413,401.16544200584156,408.617431640625,330386,0.0,0.0
2024-04-26 00:00:00+03:00,408.6174366341038,449.35498046875,402.65584485342384,449.35498046875,683356,0.0,0.0
2024-04-29 00:00:00+03:00,450.3485854871075,493.8185261711913,412.5918370072177,425.75701904296875,889701,0.0,0.0
2024-04-30 00:00:00+03:00,425.75701416015625,446.12578613281255,414.57902954101564,428.4894104003906,355356,0.0,0.0
2024-05-02 00:00:00+03:00,425.26020603049227,471.2141418457031,417.5598167857812,471.2141418457031,535807,0.0,0.0
2024-05-03 00:00:00+03:00,470.2205647682657,492.3281349026427,459.29097953329284,486.86334228515625,668139,0.0,0.0
2024-05-06 00:00:00+03:00,485.37293476892165,499.78011502306566,438.9221984322848,448.8581848144531,559683,0.0,0.0
2024-05-07 00:00:00+03:00,448.85817775596564,479.6597350563197,437.1833939405089,474.6917419433594,473263,0.0,0.0
2024-05-08 00:00:00+03:00,474.940146484375,486.36653076171876,445.3805871582031,447.119384765625,371789,0.0,0.0
2024-05-09 00:00:00+03:00,447.11935711125216,452.584149253723,431.4701796123583,434.20257568359375,201917,0.0,0.0
2024-05-10 00:00:00+03:00,434.20258747974776,464.25894507989045,421.7826050003499,457.5521545410156,360626,0.0,0.0
2024-05-13 00:00:00+03:00,457.05538833350465,470.96576971756787,448.1130003008926,453.08099365234375,230496,0.0,0.0
2024-05-14 00:00:00+03:00,453.08097190198197,475.1885412546554,449.3549770672617,474.6917419433594,285407,0.0,0.0
2024-05-15 00:00:00+03:00,468.48176835146637,494.56373318545576,467.4881696911239,484.62774658203125,267762,0.0,0.0
2024-05-16 00:00:00+03:00,482.6405358886719,520.1488842773438,479.9081396484375,509.21929931640625,512577,0.0,0.0
2024-05-17 00:00:00+03:00,508.72248542274053,534.5560491356141,499.7800979836689,511.20648193359375,437843,0.0,0.0
2024-05-20 00:00:00+03:00,511.2065155182651,534.0592849194704,490.09254378889074,494.3153381347656,496944,0.0,0.0
2024-05-21 00:00:00+03:00,494.3152874348958,510.70966380208336,457.8005400716146,465.74932861328125,382734,0.0,0.0
2024-05-22 00:00:00+03:00,465.7493777897047,479.90815887451174,447.1194026781165,457.0553894042969,325562,0.0,0.0
2024-05-23 00:00:00+03:00,451.8389951719333,457.0553881893113,424.2666320800781,424.2666320800781,321547,0.0,0.0
2024-05-24 00:00:00+03:00,405.388241038603,455.3165721959309,405.1398413811038,430.7250061035156,582722,0.0,0.0
2024-05-27 00:00:00+03:00,431.2217846806185,444.3869658949461,418.5534027573976,431.4701843261719,237702,0.0,0.0
2024-05-28 00:00:00+03:00,431.47020755273786,434.4510034598379,412.0950341565873,420.0438232421875,167116,0.0,0.0
2024-05-29 00:00:00+03:00,420.04381565046896,426.5022066657926,400.91704225893375,402.4074401855469,175276,0.0,0.0
2024-05-30 00:00:00+03:00,402.4074499444027,411.846637041864,393.21666250740094,403.15264892578125,141126,0.0,0.0
2024-05-31 00:00:00+03:00,403.1526390530099,411.8466269561863,394.4586511498335,396.19744873046875,170014,0.0,0.0
2024-06-03 00:00:00+03:00,395.45224580968204,398.9298409361491,379.5546680886898,384.2742614746094,191801,0.0,0.0
2024-06-04 00:00:00+03:00,384.2742556976193,422.5278015136719,384.2742556976193,422.5278015136719,349799,0.0,0.0
2024-06-05 00:00:00+03:00,430.973405795247,454.07457394450233,422.52781743960526,443.1449890136719,632785,0.0,0.0
2024-06-06 00:00:00+03:00,443.1449815876702,444.13858020109546,421.0374124389579,437.9285888671875,266807,0.0,0.0
2024-06-07 00:00:00+03:00,432.2153803582066,432.2153803582066,418.30500030070107,423.5213928222656,99896,0.0,0.0
2024-06-10 00:00:00+03:00,423.52143292451024,423.52143292451024,394.21027217079046,395.4522705078125,147913,0.0,0.0
2024-06-11 00:00:00+03:00,395.45225824094285,434.9478041330973,395.45225824094285,405.38824462890625,746004,0.0,0.0
2024-06-12 00:00:00+03:00,405.3882320491412,407.6238289170593,387.50345710579677,390.4842529296875,238855,0.0,0.0
2024-06-13 00:00:00+03:00,391.4778546520297,429.4830017089844,391.4778546520297,429.4830017089844,486792,0.0,0.0
2024-06-14 00:00:00+03:00,445.1321850254525,471.21414899178757,429.73140630247366,439.17059326171875,630736,0.0,0.0
2024-06-20 00:00:00+03:00,435.1961860780996,463.76214578071455,432.2153902830441,457.5521545410156,359952,0.0,0.0
2024-06-21 00:00:00+03:00,458.54575347147244,503.2576904296875,457.80055452216885,503.2576904296875,1046294,0.0,0.0
2024-06-24 00:00:00+03:00,480.1565305580527,495.5573090860399,457.0553627660719,468.9785461425781,527049,0.0,0.0
2024-06-25 00:00:00+03:00,468.9785383587424,496.7992991088373,466.99134116230704,490.83770751953125,400695,0.0,0.0
2024-06-26 00:00:00+03:00,490.83769743432305,505.24487681245597,463.0169372558594,463.0169372558594,349371,0.0,0.0
2024-06-27 00:00:00+03:00,463.5137410397744,486.61490819770523,463.0169417460554,481.1501159667969,154499,0.0,0.0
2024-06-28 00:00:00+03:00,481.15014162822376,489.8441297319862,467.98495964252635,477.67254638671875,198861,0.0,0.0
2024-07-01 00:00:00+03:00,472.95294283353365,482.6405293726659,447.36777838403054,452.0873718261719,142725,0.0,0.0
2024-07-02 00:00:00+03:00,455.31657229866954,476.67894284841617,447.8645825720137,467.9849548339844,216136,0.0,0.0
2024-07-03 00:00:00+03:00,465.0041662337932,479.16294693642476,456.55857774450425,466.9913635253906,221048,0.0,0.0
2024-07-04 00:00:00+03:00,465.9977377795298,486.61490848086294,453.8261550763331,460.2845458984375,347793,0.0,0.0
2024-07-05 00:00:00+03:00,461.7749597220444,468.978549733846,455.56496833256017,462.2717590332031,124960,0.0,0.0
2024-07-08 00:00:00+03:00,462.2717590979276,475.93374015670565,457.5521656412588,468.48175048828125,182373,0.0,0.0
2024-07-09 00:00:00+03:00,475.93374132852574,476.6789402972029,457.30376711159494,460.0361633300781,132745,0.0,0.0
2024-07-10 00:00:00+03:00,460.7813659667969,464.5073608398438,447.119384765625,447.119384765625,117596,0.0,0.0
2024-07-11 00:00:00+03:00,452.08739149908035,458.0489834748924,447.11939818590366,447.3677978515625,94793,0.0,0.0
2024-07-12 00:00:00+03:00,447.36778442382814,452.58417724609376,442.1513916015625,447.119384765625,177581,0.0,0.0
2024-07-16 00:00:00+03:00,452.08738038865783,460.2845691539467,447.11938719757364,448.8581848144531,173602,0.0,0.0
2024-07-17 00:00:00+03:00,451.83898079904156,452.08738045863424,431.71860837203644,436.4382019042969,113878,0.0,0.0
2024-07-18 00:00:00+03:00,436.6865954981403,445.87738277540495,429.2346058138717,441.40618896484375,206391,0.0,0.0
2024-07-19 00:00:00+03:00,441.40619262695316,461.2781652832031,433.9542028808594,447.119384765625,300561,0.0,0.0
2024-07-22 00:00:00+03:00,451.83898330653875,452.0873829675099,438.177001953125,438.177001953125,145573,0.0,0.0
2024-07-23 00:00:00+03:00,440.4125855209044,445.38057858938606,437.4317896798153,444.1385803222656,82675,0.0,0.0
2024-07-24 00:00:00+03:00,441.34272904829544,454.073769309304,440.5938443270597,447.58343505859375,225828,2.2,0.0
2024-07-25 00:00:00+03:00,448.8315790334366,457.0693110179212,447.83306606562024,449.0812072753906,113844,0.0,0.0
2024-07-26 00:00:00+03:00,483.0306540362529,484.27879526115277,449.0812127189762,454.8226623535156,341833,0.0,0.0
2024-07-29 00:00:00+03:00,454.3234179096837,454.3234179096837,432.60576002059446,433.3546447753906,134211,0.0,0.0
2024-07-30 00:00:00+03:00,433.1050055494932,439.3457116813303,424.6176452101948,427.3635559082031,98430,0.0,0.0
2024-07-31 00:00:00+03:00,427.11392221128307,427.11392221128307,408.8910605389139,413.3843688964844,98896,0.0,0.0
2024-08-01 00:00:00+03:00,416.13029913573627,422.62063373533385,412.13624707444546,412.8851318359375,68632,0.0,0.0
2024-08-02 00:00:00+03:00,412.8851292632889,422.87025935429955,399.4052036404246,408.6414489746094,104749,0.0,0.0
2024-08-05 00:00:00+03:00,367.9520370513298,401.901478733135,367.9520370513298,382.18084716796875,99634,0.0,0.0
2024-08-06 00:00:00+03:00,394.4126395201072,402.90000011737527,384.4275094056741,389.4200744628906,80528,0.0,0.0
2024-08-07 00:00:00+03:00,397.4081615926686,398.40667456149436,376.93864573173965,385.9252624511719,96301,0.0,0.0
2024-08-08 00:00:00+03:00,386.92377516802617,424.3680114746094,377.68753021240235,424.3680114746094,212057,0.0,0.0
2024-08-09 00:00:00+03:00,431.6072518375118,447.3338318639798,396.40966796875,396.40966796875,540426,0.0,0.0
2024-08-12 00:00:00+03:00,397.6578093959927,401.40223321328074,388.9208204889872,393.66375732421875,109228,0.0,0.0
2024-08-13 00:00:00+03:00,394.4126360857928,426.1154239230686,391.91635357892073,404.39776611328125,263761,0.0,0.0
2024-08-14 00:00:00+03:00,400.40370040026255,412.385856023213,399.4051874316833,399.6548156738281,108470,0.0,0.0
2024-08-15 00:00:00+03:00,406.64440636012864,424.11838330623607,405.14663690760517,413.3843688964844,433477,0.0,0.0
2024-08-16 00:00:00+03:00,413.384363289679,415.381389199291,399.40518192239523,404.8970031738281,116235,0.0,0.0
2024-08-19 00:00:00+03:00,408.3918207223341,410.88810324508677,400.4037166495256,408.6414489746094,80491,0.0,0.0
2024-08-20 00:00:00+03:00,408.6414295543324,427.1139193448154,404.39774946732956,409.14068603515625,107919,0.0,0.0
2024-08-21 00:00:00+03:00,409.1406915804235,421.8717320139815,408.14217860524246,409.39031982421875,78992,0.0,0.0
2024-08-22 00:00:00+03:00,407.64291106097136,414.6325016976567,406.89402634989796,408.89105224609375,63747,0.0,0.0
2024-08-23 00:00:00+03:00,408.8910549545288,410.6384526252746,391.6667064857483,399.4051818847656,90316,0.0,0.0
2024-08-26 00:00:00+03:00,400.15408585159867,414.63252439145685,400.15408585159867,404.39776611328125,99568,0.0,0.0
2024-08-27 00:00:00+03:00,404.3977604965491,413.3843773964724,399.6548237993673,406.89404296875,69069,0.0,0.0
2024-08-28 00:00:00+03:00,407.8925448330966,412.3858531605114,403.64886474609375,406.394775390625,56450,0.0,0.0
2024-08-29 00:00:00+03:00,406.39478640001334,414.3828903095959,402.40073444522204,409.63995361328125,84987,0.0,0.0
2024-09-02 00:00:00+03:00,409.39033613691817,416.8791837491789,407.39331010698197,415.63104248046875,116505,0.0,0.0
2024-09-03 00:00:00+03:00,414.38288973824285,448.08270306032887,412.13623551677045,431.60723876953125,222962,0.0,0.0
2024-09-04 00:00:00+03:00,431.10796842509,443.58938036559636,420.3739541562545,432.3561096191406,107000,0.0,0.0
2024-09-05 00:00:00+03:00,434.35316135889025,436.3501873881265,418.1273248713455,418.376953125,74042,0.0,0.0
2024-09-06 00:00:00+03:00,417.3784207151514,432.8553717225314,417.3784207151514,421.6221008300781,77054,0.0,0.0
2024-09-09 00:00:00+03:00,418.6265674838713,425.8657865995733,418.1273109931332,419.1258239746094,55114,0.0,0.0
2024-09-10 00:00:00+03:00,419.12582693030697,420.3739681659541,407.64292756235335,412.3858642578125,62080,0.0,0.0
2024-09-11 00:00:00+03:00,412.38585874976184,414.88214118771435,401.9014725103611,409.39031982421875,54067,0.0,0.0
2024-09-12 00:00:00+03:00,408.3917985156491,413.63399152838053,400.90295135460417,404.8970031738281,37016,0.0,0.0
2024-09-13 00:00:00+03:00,404.8970114359042,411.3873457745808,404.39775494831366,409.39031982421875,49318,0.0,0.0
2024-09-16 00:00:00+03:00,409.39031982421875,421.372475526391,407.64292211765195,409.39031982421875,61090,0.0,0.0
2024-09-17 00:00:00+03:00,410.38882723721593,416.3799050071023,406.8940318714489,409.14068603515625,48835,0.0,0.0
2024-09-18 00:00:00+03:00,415.38139483318236,419.8747031907528,402.8999827288199,413.3843688964844,81980,0.0,0.0
2024-09-19 00:00:00+03:00,416.37992479514264,416.37992479514264,406.64442295640725,408.6414489746094,52982,0.0,0.0
2024-09-20 00:00:00+03:00,408.6414295543324,410.8880837180398,405.1466341885654,409.14068603515625,47067,0.0,0.0
2024-09-23 00:00:00+03:00,410.6384723804615,410.88810063114875,403.1496248598452,404.39776611328125,37804,0.0,0.0
2024-09-24 00:00:00+03:00,402.8999828026253,406.39477819248697,398.9059309284977,402.4007263183594,57064,0.0,0.0
2024-09-25 00:00:00+03:00,399.4051901835719,404.89701154859597,395.9103947694656,401.152587890625,50694,0.0,0.0
2024-09-26 00:00:00+03:00,400.4037087666817,409.14069742430877,398.4066827877955,398.65631103515625,60531,0.0,0.0
2024-09-27 00:00:00+03:00,398.65631095924186,407.14367136789195,391.91634828178445,401.4022216796875,71648,0.0,0.0
2024-09-30 00:00:00+03:00,401.4022158806228,427.8628097135494,394.9118815442446,420.37396240234375,226751,0.0,0.0
2024-10-01 00:00:00+03:00,411.63697981953027,417.12880126042154,394.4126307549168,401.4022216796875,72662,0.0,0.0
2024-10-02 00:00:00+03:00,398.1570655961123,400.6533481390347,385.1763963729162,399.15557861328125,59500,0.0,0.0
2024-10-03 00:00:00+03:00,393.16448959321923,415.3814036083281,390.66820711961145,398.65631103515625,73107,0.0,0.0
2024-10-04 00:00:00+03:00,406.89402904510496,407.3932855224609,397.4081559753418,399.4051818847656,43025,0.0,0.0
2024-10-07 00:00:00+03:00,399.4051818847656,405.3962596130371,395.411130065918,399.4051818847656,45145,0.0,0.0
2024-10-08 00:00:00+03:00,399.4051818847656,403.89849018096925,391.91633472442624,399.4051818847656,36257,0.0,0.0
2024-10-09 00:00:00+03:00,395.91040903727213,396.16003729013295,382.6801116356483,389.4200744628906,61611,0.0,0.0
2024-10-10 00:00:00+03:00,389.1704375613388,405.6459018840125,388.9208093140256,401.4022216796875,88310,0.0,0.0
2024-10-11 00:00:00+03:00,399.65483283018455,399.90446108304536,389.4200744628906,389.4200744628906,54003,0.0,0.0
2024-10-14 00:00:00+03:00,389.420066431949,394.4126313862048,371.69646084434106,379.4349365234375,64532,0.0,0.0
2024-10-15 00:00:00+03:00,379.43493093852123,386.17489352756076,376.9386484981362,381.93121337890625,44053,0.0,0.0
2024-10-16 00:00:00+03:00,381.93121337890625,389.6696889440998,376.18976376602075,381.93121337890625,31613,0.0,0.0
2024-10-17 00:00:00+03:00,382.43045919027674,420.1243229877518,380.43343329372175,414.38287353515625,703797,0.0,0.0
2024-10-18 00:00:00+03:00,412.38586480034724,418.3769427393353,392.66523325117805,393.16448974609375,226857,0.0,0.0
2024-10-21 00:00:00+03:00,393.41410688920456,399.40518465909093,376.18975830078125,384.427490234375,123537,0.0,0.0
2024-10-22 00:00:00+03:00,384.42750131728275,389.6696945170639,380.4334493555448,384.9267578125,50235,0.0,0.0
2024-10-23 00:00:00+03:00,385.9252624912212,390.9178273358683,376.9386457708564,380.4334411621094,50140,0.0,0.0
2024-10-24 00:00:00+03:00,380.43343567051437,389.6696804997854,374.44235794341967,388.4215393066406,40638,0.0,0.0
2024-10-25 00:00:00+03:00,388.42155602428033,389.42006902177206,382.9297345380758,386.4245300292969,25615,0.0,0.0
2024-10-28 00:00:00+03:00,386.4245215767942,398.40667728460176,385.4260086011435,395.6607666015625,40316,0.0,0.0
2024-10-30 00:00:00+03:00,395.6607773392289,406.3947921187789,389.4200710720486,404.39776611328125,96107,0.0,0.0
2024-10-31 00:00:00+03:00,404.1481347722513,419.3754579477345,396.4096590601205,413.8836364746094,139982,0.0,0.0
2024-11-01 00:00:00+03:00,411.3873537177521,425.11690739158485,407.8925582371401,422.1213684082031,106960,0.0,0.0
2024-11-04 00:00:00+03:00,422.121365972004,427.8628156570165,409.3903253661068,409.63995361328125,73177,0.0,0.0
2024-11-05 00:00:00+03:00,408.8910799218037,416.62955579333965,404.39777135123444,410.13922119140625,33898,0.0,0.0
2024-11-06 00:00:00+03:00,410.13919350497696,416.13027119464186,407.39328289721385,414.38287353515625,52087,0.0,0.0
2024-11-07 00:00:00+03:00,414.38287353515625,415.8806429575725,406.64439818600573,414.38287353515625,31162,0.0,0.0
2024-11-08 00:00:00+03:00,414.3828927902948,421.37248375302266,411.3873538062686,419.3754577636719,52658,0.0,0.0
2024-11-11 00:00:00+03:00,419.37546317459,429.85984975395473,419.37546317459,422.3710021972656,48710,0.0,0.0
2024-11-12 00:00:00+03:00,409.88959293748576,414.382901508055,395.6607824640164,410.13922119140625,44695,0.0,0.0
2024-11-13 00:00:00+03:00,410.1392045556045,417.3784236256669,404.8970114359042,409.39031982421875,28967,0.0,0.0
2024-11-14 00:00:00+03:00,409.3903309012447,413.3843829100373,408.64144614959605,409.88958740234375,16555,0.0,0.0
2024-11-15 00:00:00+03:00,409.88959308699066,413.3843886431526,404.39777149873623,407.393310546875,24295,0.0,0.0
2024-11-18 00:00:00+03:00,407.393310546875,414.1332734051873,405.8955410228056,407.393310546875,33021,0.0,0.0
2024-11-19 00:00:00+03:00,407.3932984418524,448.08270263671875,407.3932984418524,448.08270263671875,480026,0.0,0.0
2024-11-20 00:00:00+03:00,448.0826890166649,492.7661437988281,448.0826890166649,492.7661437988281,631292,0.0,0.0
2024-11-21 00:00:00+03:00,504.2490425896826,527.2148405690147,459.31595958664155,459.8152160644531,857579,0.0,0.0
2024-11-22 00:00:00+03:00,458.8167165226628,479.7854892037856,452.5760103675667,478.2877197265625,296789,0.0,0.0
2024-11-25 00:00:00+03:00,475.5418133781952,514.2341918945312,468.3025941719129,514.2341918945312,214800,0.0,0.0
2024-11-26 00:00:00+03:00,509.7408883395853,529.2118919098535,495.26244978733456,528.21337890625,192832,0.0,0.0
2024-11-27 00:00:00+03:00,526.2163427909745,526.2163427909745,486.02619516794465,486.52545166015625,258454,0.0,0.0
2024-11-28 00:00:00+03:00,486.27583257442365,487.02471732684836,454.573044721779,466.3055725097656,184923,0.0,0.0
2024-11-29 00:00:00+03:00,465.55667393181915,485.2773051600302,457.0693136563865,464.30853271484375,127542,0.0,0.0
2024-12-02 00:00:00+03:00,464.30853271484375,469.80035406953544,445.0871579734228,464.30853271484375,162701,0.0,0.0
2024-12-03 00:00:00+03:00,465.30705906057955,477.2892150878906,453.5745312838375,477.2892150878906,156900,0.0,0.0
2024-12-04 00:00:00+03:00,477.28919287135113,477.28919287135113,462.5611267733335,473.5447692871094,81147,0.0,0.0
2024-12-05 00:00:00+03:00,469.3010946909586,481.5328785419464,459.3159650166829,479.2862243652344,274998,0.0,0.0
2024-12-06 00:00:00+03:00,480.5343707245175,506.2460799113358,472.7958951440188,504.2490539550781,200983,0.0,0.0
2024-12-09 00:00:00+03:00,500.75425026633525,508.2430974786932,494.263916015625,494.263916015625,90503,0.0,0.0
2024-12-10 00:00:00+03:00,493.2654242202582,517.229736328125,483.0306659241901,517.229736328125,207787,0.0,0.0
2024-12-11 00:00:00+03:00,517.2297253608704,518.7274948358536,509.7408779859543,511.2386474609375,93043,0.0,0.0
2024-12-12 00:00:00+03:00,509.24164882926055,523.7200878646023,508.7423923108005,515.2327270507812,73692,0.0,0.0
2024-12-13 00:00:00+03:00,519.2267598191353,523.72006831757,509.7408863224395,510.2401428222656,59416,0.0,0.0
2024-12-16 00:00:00+03:00,510.24011253853865,532.7066536972806,506.24606077698456,521.2237548828125,102756,0.0,0.0
2024-12-17 00:00:00+03:00,521.223754998519,532.7066538155361,521.223754998519,526.715576171875,71904,0.0,0.0
2024-12-18 00:00:00+03:00,530.2103773547757,574.6442037055997,522.2222737411445,557.1702270507812,232113,0.0,0.0
2024-12-19 00:00:00+03:00,554.1747091764187,604.1003586517717,551.1791702078975,596.6115112304688,252403,0.0,0.0
2024-12-20 00:00:00+03:00,596.6115007013412,629.0631722876067,537.1999788741783,541.1940307617188,437674,0.0,0.0
2024-12-23 00:00:00+03:00,529.2118593818351,589.1226359156277,524.2192946706857,570.650146484375,269945,0.0,0.0
2024-12-24 00:00:00+03:00,570.650140847883,589.1226300966771,564.1598067874959,567.6546020507812,130341,0.0,0.0
2024-12-25 00:00:00+03:00,568.6531262613585,596.6114889221452,564.6590744526746,584.6293334960938,100687,0.0,0.0
2024-12-26 00:00:00+03:00,588.1241397857666,612.0884510843377,587.1256268149929,607.0958862304688,122498,0.0,0.0
2024-12-27 00:00:00+03:00,607.0958973140921,620.0765661711367,589.1226635120302,607.5951538085938,127995,0.0,0.0
2024-12-30 00:00:00+03:00,609.5921785302438,664.5103928122477,608.0944090498255,657.0215454101562,232569,0.0,0.0
2024-12-31 00:00:00+03:00,657.02156243995,678.4895922157235,636.5520456770033,649.53271484375,273642,0.0,0.0
2025-01-02 00:00:00+03:00,649.0334693920411,662.5133952947988,636.5520565191172,650.031982421875,129903,0.0,0.0
2025-01-03 00:00:00+03:00,650.5311893158727,694.4657592773438,650.0319328390377,694.4657592773438,192356,0.0,0.0
2025-01-06 00:00:00+03:00,694.4657925095414,700.9561270189764,677.9903279855911,695.9635620117188,153832,0.0,0.0
2025-01-07 00:00:00+03:00,695.9635456015338,695.9635456015338,676.4925425323374,681.485107421875,71476,0.0,0.0
2025-01-08 00:00:00+03:00,681.4850963245739,691.4702259410511,676.4925315163352,680.98583984375,90481,0.0,0.0
2025-01-09 00:00:00+03:00,681.485122262615,733.4077982445285,681.485122262615,728.9144897460938,344989,0.0,0.0
2025-01-10 00:00:00+03:00,728.9144732386659,733.4077816353426,708.4449572093608,719.9278564453125,138443,0.0,0.0
2025-01-13 00:00:00+03:00,720.9263693382226,741.395885365139,706.4479311728428,725.419677734375,184068,0.0,0.0
2025-01-14 00:00:00+03:00,728.914506852833,751.8803063838127,716.4330940642571,721.4256591796875,142429,0.0,0.0
2025-01-15 00:00:00+03:00,721.4256352963655,788.8252621233615,715.9338138512029,780.837158203125,355632,0.0,0.0
2025-01-16 00:00:00+03:00,780.8371791294643,810.2933131247573,780.8371791294643,803.802978515625,274971,0.0,0.0
2025-01-17 00:00:00+03:00,813.2888493027798,868.7063215388808,797.3126410905705,858.72119140625,234491,0.0,0.0
2025-01-20 00:00:00+03:00,861.7167129861823,882.6854858398438,828.7657842161428,882.6854858398438,312811,0.0,0.0
2025-01-21 00:00:00+03:00,885.680991439132,894.1683515600256,850.7330380001583,886.6795043945312,240303,0.0,0.0
2025-01-22 00:00:00+03:00,886.67953125,923.62451171875,873.6988624366553,923.62451171875,214246,0.0,0.0
2025-01-23 00:00:00+03:00,923.6244895241477,942.0969793146307,904.1534867720171,928.1177978515625,276939,0.0,0.0
2025-01-24 00:00:00+03:00,848.7360399398896,878.1921730907445,835.75537109375,835.75537109375,37297,0.0,0.0
2025-01-27 00:00:00+03:00,769.8534827686916,833.7583114291277,753.8772756035826,801.306640625,556483,0.0,0.0
2025-01-28 00:00:00+03:00,821.7761731017612,828.7657638814845,801.805913731123,804.8014526367188,109618,0.0,0.0
2025-01-29 00:00:00+03:00,804.8014470880682,813.2888072620739,746.8876953125,746.8876953125,126247,0.0,0.0
2025-01-30 00:00:00+03:00,746.8877221238089,783.8327030310027,713.936793206582,772.8490600585938,139118,0.0,0.0
2025-01-31 00:00:00+03:00,772.8490749951475,829.2650604437597,772.8490749951475,803.802978515625,168082,0.0,0.0
2025-02-03 00:00:00+03:00,797.8118869526128,797.8118869526128,723.4226684570312,723.4226684570312,212402,0.0,0.0
2025-02-04 00:00:00+03:00,665.508898967161,769.8535050317796,665.508898967161,736.4033203125,267094,0.0,0.0
2025-02-05 00:00:00+03:00,736.4033150032184,753.8772919693964,699.9575916166184,705.9486694335938,118492,0.0,0.0
2025-02-06 00:00:00+03:00,706.4479540143694,717.9308536202567,678.9888462611607,698.9591064453125,141968,0.0,0.0
2025-02-07 00:00:00+03:00,698.9590786901952,703.9516435379822,678.9888192990467,700.4568481445312,77621,0.0,0.0
2025-02-10 00:00:00+03:00,699.4583189193336,727.4166814171799,681.9843423581797,724.421142578125,136679,0.0,0.0
2025-02-11 00:00:00+03:00,722.9233949670173,773.8475567671802,714.4360346669903,747.386962890625,184387,0.0,0.0
2025-02-12 00:00:00+03:00,748.8847323553357,768.3557353965743,739.8981155670716,747.386962890625,106132,0.0,0.0
2025-02-13 00:00:00+03:00,751.8802764415741,771.3512796163559,743.3929160833359,766.8579711914062,71353,0.0,0.0
2025-02-14 00:00:00+03:00,767.8564948766486,798.3111412924326,767.8564948766486,778.3408813476562,219189,0.0,0.0
2025-02-17 00:00:00+03:00,778.8401444795115,791.8208135541701,741.8951632670219,753.8773193359375,104006,0.0,0.0
2025-02-18 00:00:00+03:00,753.8773084164302,773.847568242031,743.8921785036298,747.88623046875,172429,0.0,0.0
2025-02-19 00:00:00+03:00,748.3854590891492,758.8698451070759,731.4107388696489,732.9085083007812,44900,0.0,0.0
2025-02-20 00:00:00+03:00,732.9085138494319,756.8728249289773,714.9352805397727,746.8876953125,72625,0.0,0.0
2025-02-21 00:00:00+03:00,747.3869792069539,773.8475736611747,714.9353067630982,756.3735961914062,80646,0.0,0.0
2025-02-24 00:00:00+03:00,756.3735844093034,793.817821261249,751.8802759870698,788.8252563476562,147626,0.0,0.0
2025-02-25 00:00:00+03:00,799.808904698337,801.8059306776088,764.8609500610813,791.82080078125,136103,0.0,0.0
2025-02-26 00:00:00+03:00,791.8207730098671,792.8192859644823,772.849026872178,787.8267211914062,103546,0.0,0.0
2025-02-27 00:00:00+03:00,786.8282137784091,829.7642711292614,778.8401100852273,823.773193359375,163366,0.0,0.0
2025-02-28 00:00:00+03:00,823.7732317347726,833.7583618164062,815.7851276694657,833.7583618164062,120073,0.0,0.0
2025-03-03 00:00:00+03:00,833.758344413091,870.7033249439705,822.7747015525592,863.2144775390625,176394,0.0,0.0
2025-03-04 00:00:00+03:00,863.2144553444602,864.7122247869319,839.7494007457386,840.2486572265625,109737,0.0,0.0
2025-03-05 00:00:00+03:00,840.248646674722,892.1713200283589,819.2798747434455,883.6839599609375,198235,0.0,0.0
2025-03-06 00:00:00+03:00,883.1847536609984,905.6512962922844,872.7003670997316,877.6929321289062,153571,0.0,0.0
2025-03-07 00:00:00+03:00,877.6929273355694,881.6869793370964,857.7226673279341,858.221923828125,72270,0.0,0.0
2025-03-10 00:00:00+03:00,858.7211641819357,870.7033199612185,823.7732098256942,832.7598266601562,97152,0.0,0.0
2025-03-11 00:00:00+03:00,828.7657524108887,845.7404726409912,798.8103637695312,798.8103637695312,101196,0.0,0.0
2025-03-12 00:00:00+03:00,797.8118506581128,797.8118506581128,758.3705889547392,776.8430786132812,91113,0.0,0.0
2025-03-13 00:00:00+03:00,794.8163387186185,836.7538842288973,794.3170822244484,830.2635498046875,178083,0.0,0.0
2025-03-14 00:00:00+03:00,829.764317267384,829.764317267384,794.3171051578868,798.3111572265625,105917,0.0,0.0
2025-03-17 00:00:00+03:00,796.3140869140625,876.1951238458807,793.3185480291194,823.773193359375,597673,0.0,0.0
2025-03-18 00:00:00+03:00,821.2769052505492,855.7256021881103,794.8163119506836,798.8103637695312,191755,0.0,0.0
2025-03-19 00:00:00+03:00,758.8698906618763,777.8416379284232,718.9293701007249,740.3973999023438,112725,0.0,0.0
2025-03-20 00:00:00+03:00,738.8996029228321,761.3661449035939,717.431573918993,725.419677734375,88067,0.0,0.0
2025-03-21 00:00:00+03:00,725.4196850159249,726.4181980028703,655.523775929738,657.0215454101562,81510,0.0,0.0
2025-03-24 00:00:00+03:00,655.5237643565486,722.4241333007812,655.0245078718901,722.4241333007812,258377,0.0,0.0
2025-03-25 00:00:00+03:00,771.8505318220272,771.8505318220272,686.9769287109375,686.9769287109375,927475,0.0,0.0
2025-03-26 00:00:00+03:00,678.9888082721276,718.9293264057821,666.5073963553606,667.0066528320312,859239,0.0,0.0
2025-03-27 00:00:00+03:00,671.9992176443891,683.9813730852995,655.5237539131374,672.4984741210938,253096,0.0,0.0
2025-03-28 00:00:00+03:00,672.498473981744,674.9947563647498,654.0259843475017,656.0230102539062,147334,0.0,0.0
2025-04-02 00:00:00+03:00,659.0185546875,662.513350053267,643.5416037819602,659.0185546875,128611,0.0,0.0
2025-04-03 00:00:00+03:00,657.5207852450284,683.9813787286932,593.11669921875,593.11669921875,749851,0.0,0.0
2025-04-04 00:00:00+03:00,541.1940589405666,588.124171062719,534.2044677734375,534.2044677734375,1130944,0.0,0.0
2025-04-07 00:00:00+03:00,522.2222966006512,522.2222966006512,484.2788027749826,492.26690673828125,534759,0.0,0.0
2025-04-08 00:00:00+03:00,505.746829449978,541.1940405960278,488.0232238769531,488.0232238769531,1201703,0.0,0.0
2025-04-09 00:00:00+03:00,483.52990749064105,483.52990749064105,461.5626220703125,461.5626220703125,606236,0.0,0.0
2025-04-10 00:00:00+03:00,483.2802941753137,483.2802941753137,451.82713453373856,452.5760192871094,475989,0.0,0.0
2025-04-11 00:00:00+03:00,451.07824943435025,468.552226999599,448.08271042316477,460.8137512207031,463798,0.0,0.0
2025-04-14 00:00:00+03:00,465.3070426753002,506.7453308105469,457.31893893838514,506.7453308105469,819915,0.0,0.0
2025-04-15 00:00:00+03:00,522.2222993677138,536.201481377557,496.26096134943356,496.5105895996094,941253,0.0,0.0
2025-04-16 00:00:00+03:00,497.75871138139206,509.24161044034093,473.29514382102275,475.04254150390625,316265,0.0,0.0
2025-04-17 00:00:00+03:00,475.04254979637903,495.2624376227094,473.29515208299244,476.7899475097656,350014,0.0,0.0
2025-04-18 00:00:00+03:00,476.7899363439994,479.53584697215854,465.3070373535156,465.3070373535156,173138,0.0,0.0
2025-04-21 00:00:00+03:00,465.307060308689,511.7379150390625,461.31300828887197,511.7379150390625,453875,0.0,0.0
2025-04-22 00:00:00+03:00,529.2118962146745,557.6695170488598,519.2267660974165,553.1762084960938,745687,0.0,0.0
2025-04-24 00:00:00+03:00,549.18212890625,584.6293390447444,529.7111261541194,576.6412353515625,459057,0.0,0.0
2025-04-25 00:00:00+03:00,576.6412197964862,617.0809936523438,550.1806270266042,617.0809936523438,621417,0.0,0.0
2025-04-28 00:00:00+03:00,609.0929309334288,609.0929309334288,555.6724853515625,555.6724853515625,1625767,0.0,0.0
2025-04-29 00:00:00+03:00,526.7155989534602,570.1509137486746,500.2550048828125,500.2550048828125,1980107,0.0,0.0
2025-04-30 00:00:00+03:00,472.296630859375,504.2490456321023,450.329345703125,450.329345703125,1857017,0.0,0.0
2025-05-02 00:00:00+03:00,422.3709914484635,467.05444739957164,405.3962707519531,405.3962707519531,3278973,0.0,0.0
2025-05-05 00:00:00+03:00,395.4111524968505,445.8360595703125,377.1882900396093,445.8360595703125,2477919,0.0,0.0
2025-05-06 00:00:00+03:00,470.54924618545454,473.79441340052665,401.4022216796875,401.4022216796875,2823578,0.0,0.0
2025-05-07 00:00:00+03:00,395.9104105350889,395.9104105350889,361.4617115099677,361.9609680175781,1939371,0.0,0.0
2025-05-08 00:00:00+03:00,368.2016725686666,372.4453528626783,335.5003714795172,341.2418212890625,1021927,0.0,0.0
2025-05-09 00:00:00+03:00,355.4706115287313,365.2061128276221,345.48548199140737,349.9787902832031,1046832,0.0,0.0
2025-05-12 00:00:00+03:00,347.2329020878736,354.47212147000755,337.9966566692889,342.7395935058594,801034,0.0,0.0
2025-05-13 00:00:00+03:00,341.49143288352275,348.4810236150568,336.2492398348722,340.492919921875,643038,0.0,0.0
2025-05-14 00:00:00+03:00,341.7410782066242,344.2373607355258,332.7544611025786,333.00408935546875,542486,0.0,0.0
2025-05-15 00:00:00+03:00,335.999625890945,342.73958866884664,325.2656110965092,326.0144958496094,662298,0.0,0.0
2025-05-16 00:00:00+03:00,326.01447634303923,329.0100151762065,319.5241422045101,321.02191162109375,511911,0.0,0.0
2025-05-20 00:00:00+03:00,323.01894309303975,325.01596901633525,307.0427357066761,307.5419921875,612817,0.0,0.0
2025-05-21 00:00:00+03:00,307.54199783236993,312.03530624225846,300.55240697254334,302.2998046875,654729,0.0,0.0
2025-05-22 00:00:00+03:00,302.2998018052843,332.5048191615513,298.8050064086914,314.5315856933594,1765295,0.0,0.0
2025-05-23 00:00:00+03:00,311.0367933146159,315.0308452351888,299.55389404296875,299.55389404296875,583707,0.0,0.0
2025-05-26 00:00:00+03:00,300.05314210036704,305.0457068607725,289.5687561035156,289.5687561035156,474113,0.0,0.0
2025-05-27 00:00:00+03:00,290.3176435990767,303.04868386008525,284.8258223100142,285.57470703125,638274,0.0,0.0
2025-05-28 00:00:00+03:00,286.8228454048272,289.56875602227984,275.09031822116583,281.3310241699219,545221,0.0,0.0
2025-05-29 00:00:00+03:00,281.3310212542297,286.07395772612887,274.3414306640625,274.3414306640625,326409,0.0,0.0
2025-05-30 00:00:00+03:00,274.34145069031746,283.32806781939064,261.6104097574638,262.8585510253906,392898,0.0,0.0
2025-06-02 00:00:00+03:00,269.59850519867933,283.32805870416763,260.6118883587234,269.348876953125,763187,0.0,0.0
2025-06-03 00:00:00+03:00,268.35036397090767,276.33846782864634,267.102222743136,269.348876953125,359460,0.0,0.0
2025-06-04 00:00:00+03:00,271.5955228898625,287.0724736427774,268.59998403445957,281.3310241699219,551351,0.0,0.0
2025-06-05 00:00:00+03:00,283.32804719392243,287.3220989605328,275.839200131528,277.08734130859375,250377,0.0,0.0
2025-06-10 00:00:00+03:00,278.08585981889206,304.79608154296875,278.08585981889206,304.79608154296875,1007115,0.0,0.0
2025-06-11 00:00:00+03:00,308.540496438565,317.0278563729592,289.56875070286037,294.8109436035156,1286299,0.0,0.0
2025-06-12 00:00:00+03:00,294.56133247061575,294.56133247061575,278.5851246078027,279.0843811035156,372227,0.0,0.0
2025-06-13 00:00:00+03:00,259.6133837287809,273.34293767597603,253.62230564273207,262.8585510253906,493335,0.0,0.0
2025-06-16 00:00:00+03:00,262.8585289706703,275.58956883534665,258.6148490157782,267.3518371582031,479344,0.0,0.0
2025-06-17 00:00:00+03:00,267.35186521468626,270.5970325795704,262.85855655561585,263.1081848144531,286363,0.0,0.0
2025-06-18 00:00:00+03:00,263.1081653941761,263.1081653941761,255.6193181818182,258.1156005859375,287714,0.0,0.0
2025-06-19 00:00:00+03:00,258.1156005859375,263.35779363458806,254.1215487393466,255.36968994140625,269028,0.0,0.0
2025-06-20 00:00:00+03:00,255.3697065386856,262.35929772449515,255.3697065386856,256.11859130859375,289939,0.0,0.0
2025-06-23 00:00:00+03:00,255.86895388180264,255.86895388180264,243.637169745014,247.7310791015625,256034,0.0,0.0
2025-06-24 00:00:00+03:00,257.61633862024064,264.60592920296034,254.37117156397792,260.61187744140625,405375,0.0,0.0
2025-06-25 00:00:00+03:00,260.86151123046875,266.1037042791193,256.8674593838779,258.1156005859375,313778,0.0,0.0
2025-06-26 00:00:00+03:00,258.1156132790895,262.6089218274682,252.37416346727218,253.87193298339844,182454,0.0,0.0
2025-06-27 00:00:00+03:00,255.36968855016372,258.3652274187873,248.72958348582077,254.6208038330078,180939,0.0,0.0
2025-06-30 00:00:00+03:00,254.6208236297267,275.09034082348904,254.6208236297267,268.6000061035156,498006,0.0,0.0
2025-07-01 00:00:00+03:00,269.0,280.75,267.0,271.75,392635,0.4,0.0
2025-07-02 00:00:00+03:00,274.5,279.5,270.0,272.0,267587,0.0,0.0
2025-07-03 00:00:00+03:00,273.5,278.0,270.75,272.25,183641,0.0,0.0
2025-07-04 00:00:00+03:00,274.0,284.75,268.75,277.75,367165,0.0,0.0
2025-07-07 00:00:00+03:00,277.75,278.0,265.0,268.0,262222,0.0,0.0
2025-07-08 00:00:00+03:00,268.0,271.0,261.25,262.25,207567,0.0,0.0
2025-07-09 00:00:00+03:00,262.75,285.5,260.75,279.0,952413,0.0,0.0
2025-07-10 00:00:00+03:00,279.75,284.75,276.0,278.75,422840,0.0,0.0
2025-07-11 00:00:00+03:00,279.5,285.25,272.0,274.5,355571,0.0,0.0
2025-07-14 00:00:00+03:00,274.5,277.5,267.0,268.5,213959,0.0,0.0
2025-07-16 00:00:00+03:00,268.75,275.5,264.25,268.0,250778,0.0,0.0
2025-07-17 00:00:00+03:00,270.75,274.25,269.75,272.5,161792,0.0,0.0
2025-07-18 00:00:00+03:00,273.5,274.0,268.0,270.75,188612,0.0,0.0
2025-07-21 00:00:00+03:00,271.0,274.5,270.75,272.5,237739,0.0,0.0
2025-07-22 00:00:00+03:00,272.75,288.0,271.25,278.0,561329,0.0,0.0
2025-07-23 00:00:00+03:00,279.0,282.25,275.5,277.0,281642,0.0,0.0
2025-07-24 00:00:00+03:00,282.0,289.75,276.75,279.0,456394,0.0,0.0
2025-07-25 00:00:00+03:00,280.0,281.25,274.25,275.5,227760,0.0,0.0
2025-07-28 00:00:00+03:00,276.0,283.75,274.25,279.0,349483,0.0,0.0
2025-07-29 00:00:00+03:00,280.0,284.75,276.5,280.0,533615,0.0,0.0
2025-07-30 00:00:00+03:00,288.0,308.0,286.25,308.0,642179,0.0,0.0
2025-07-31 00:00:00+03:00,320.0,338.75,320.0,338.75,1556708,0.0,0.0
2025-08-01 00:00:00+03:00,352.25,367.75,338.0,342.25,1902290,0.0,0.0
2025-08-04 00:00:00+03:00,352.0,361.0,331.5,347.75,1256935,0.0,0.0
2025-08-05 00:00:00+03:00,356.5,357.75,333.0,334.25,664856,0.0,0.0
2025-08-06 00:00:00+03:00,334.25,349.5,328.25,329.0,777870,0.0,0.0
2025-08-07 00:00:00+03:00,329.0,334.75,317.75,318.75,425240,0.0,0.0
2025-08-08 00:00:00+03:00,320.0,340.0,317.25,329.0,712007,0.0,0.0
2025-08-11 00:00:00+03:00,334.0,336.5,321.0,322.0,340449,0.0,0.0
2025-08-12 00:00:00+03:00,322.0,322.5,311.75,315.75,254547,0.0,0.0
2025-08-13 00:00:00+03:00,316.25,322.0,311.25,313.0,308818,0.0,0.0
2025-08-14 00:00:00+03:00,313.0,318.75,307.25,308.5,332945,0.0,0.0
2025-08-15 00:00:00+03:00,314.75,320.75,309.0,310.25,311157,0.0,0.0
2025-08-18 00:00:00+03:00,310.25,341.25,308.25,341.25,686578,0.0,0.0
2025-08-19 00:00:00+03:00,351.25,357.5,321.75,323.0,1012890,0.0,0.0
2025-08-20 00:00:00+03:00,323.0,338.0,323.0,328.25,462692,0.0,0.0
2025-08-21 00:00:00+03:00,329.0,330.5,320.5,321.75,326383,0.0,0.0
2025-08-22 00:00:00+03:00,322.0,326.5,306.0,317.5,316706,0.0,0.0
2025-08-25 00:00:00+03:00,318.75,325.75,318.75,320.75,204906,0.0,0.0
2025-08-26 00:00:00+03:00,321.25,327.25,315.75,321.25,306376,0.0,0.0
2025-08-27 00:00:00+03:00,321.25,326.75,318.25,318.75,213069,0.0,0.0
2025-08-28 00:00:00+03:00,320.0,321.25,314.25,315.0,143312,0.0,0.0
2025-08-29 00:00:00+03:00,315.0,321.5,312.5,316.5,190470,0.0,0.0
2025-09-01 00:00:00+03:00,320.0,331.25,318.75,320.25,370360,0.0,0.0
2025-09-02 00:00:00+03:00,321.0,324.75,300.5,308.0,334730,0.0,0.0
2025-09-03 00:00:00+03:00,307.75,314.5,305.5,309.5,189332,0.0,0.0
2025-09-04 00:00:00+03:00,309.5,313.5,308.75,309.75,200528,0.0,0.0
2025-09-05 00:00:00+03:00,311.0,311.5,303.0,303.75,164941,0.0,0.0
2025-09-08 00:00:00+03:00,299.0,299.0,291.0,291.25,234032,0.0,0.0
2025-09-09 00:00:00+03:00,291.5,296.0,289.5,291.25,131775,0.0,0.0
2025-09-10 00:00:00+03:00,293.75,294.25,286.0,287.25,169450,0.0,0.0
2025-09-11 00:00:00+03:00,287.25,293.0,282.25,282.25,147447,0.0,0.0
2025-09-12 00:00:00+03:00,282.25,286.0,275.5,278.5,144242,0.0,0.0
2025-09-15 00:00:00+03:00,278.5,295.0,274.5,292.0,252335,0.0,0.0
2025-09-16 00:00:00+03:00,292.5,300.0,290.75,298.0,204220,0.0,0.0
2025-09-17 00:00:00+03:00,298.0,299.75,294.5,296.0,185298,0.0,0.0
2025-09-18 00:00:00+03:00,297.25,325.5,297.25,325.5,1033930,0.0,0.0
2025-09-19 00:00:00+03:00,329.0,330.25,308.25,312.0,814383,0.0,0.0
2025-09-22 00:00:00+03:00,316.0,316.5,310.0,312.5,247171,0.0,0.0
2025-09-23 00:00:00+03:00,312.0,312.0,303.0,303.75,220479,0.0,0.0
2025-09-24 00:00:00+03:00,304.5,306.75,297.25,300.0,172259,0.0,0.0
2025-09-25 00:00:00+03:00,300.5,303.75,297.5,298.5,138149,0.0,0.0
2025-09-26 00:00:00+03:00,299.0,314.75,298.5,302.5,360207,0.0,0.0
2025-09-29 00:00:00+03:00,299.0,299.0,288.75,288.75,200693,0.0,0.0
2025-09-30 00:00:00+03:00,290.5,291.75,285.75,288.0,129373,0.0,0.0
2025-10-01 00:00:00+03:00,292.75,308.75,288.25,293.5,568752,0.0,0.0
2025-10-02 00:00:00+03:00,290.75,295.25,289.5,291.25,125594,0.0,0.0
2025-10-03 00:00:00+03:00,291.5,295.5,288.25,289.25,150276,0.0,0.0
2025-10-06 00:00:00+03:00,291.5,293.75,283.5,283.5,164398,0.0,0.0
2025-10-07 00:00:00+03:00,284.5,290.0,280.75,283.25,119048,0.0,0.0
2025-10-08 00:00:00+03:00,283.75,289.75,281.25,281.5,200994,0.0,0.0
2025-10-09 00:00:00+03:00,282.25,285.0,276.5,278.0,161097,0.0,0.0
2025-10-10 00:00:00+03:00,278.5,281.25,276.75,280.25,129580,0.0,0.0
2025-10-13 00:00:00+03:00,276.0,277.25,270.5,271.0,148654,0.0,0.0
2025-10-14 00:00:00+03:00,272.25,274.0,262.75,264.75,190194,0.0,0.0
2025-10-15 00:00:00+03:00,265.0,275.5,265.0,266.75,193751,0.0,0.0
2025-10-16 00:00:00+03:00,266.75,269.5,263.0,263.5,89358,0.0,0.0
2025-10-17 00:00:00+03:00,263.5,265.5,255.25,263.25,141484,0.0,0.0
2025-10-20 00:00:00+03:00,263.25,269.0,259.75,264.0,117714,0.0,0.0
2025-10-21 00:00:00+03:00,265.0,277.25,264.25,267.0,287156,0.0,0.0
2025-10-22 00:00:00+03:00,268.0,270.5,264.0,264.75,138437,0.0,0.0
2025-10-23 00:00:00+03:00,264.75,266.75,263.0,263.0,98610,0.0,0.0
2025-10-24 00:00:00+03:00,264.5,279.75,252.0,275.0,282243,0.0,0.0
